Project_Type,Duration_Days,Hourly_Rate,Misc_Cost,Material_Cost,Developers,Designers,QA_Engineers,Labourers,Supervisors,Coordinators,Staff,Technicians,Creatives,Analysts,Scientists,Assistants,Total_Cost
Marketing,102,570,49732,86820,0,0,0,0,0,0,0,0,7,19,0,0,1647718.89499051
Research,109,963,46090,77221,0,0,0,0,0,0,0,0,0,0,2,12,1588204.8594998303
Construction,30,460,24769,38693,0,0,0,12,17,0,0,0,0,0,0,0,451466.4709247199
Marketing,24,489,24118,45773,0,0,0,0,0,0,0,0,19,12,0,0,436724.20612519066
Marketing,73,804,16394,79092,0,0,0,0,0,0,0,0,19,7,0,0,1618476.7307494704
Research,139,639,28483,58555,0,0,0,0,0,0,0,0,0,0,8,15,2134658.1991052334
Event,90,861,8943,99475,0,0,0,0,0,2,6,10,0,0,0,0,1500930.6714091292
Construction,53,461,42065,42606,0,0,0,16,15,0,0,0,0,0,0,0,842427.2863925431
Marketing,49,637,22262,19268,0,0,0,0,0,0,0,0,13,9,0,0,723998.9003832035
IT,80,820,7027,12695,11,19,17,0,0,0,0,0,0,0,0,0,3100355.372973014
Event,172,588,17666,48660,0,0,0,0,0,10,7,9,0,0,0,0,2691380.3240843536
Research,108,983,15965,34538,0,0,0,0,0,0,0,0,0,0,3,1,474599.0608974653
Event,110,761,32266,62992,0,0,0,0,0,5,14,7,0,0,0,0,2270965.330708701
Event,72,540,46523,64268,0,0,0,0,0,4,5,7,0,0,0,0,728043.2116405251
Research,152,470,38827,65820,0,0,0,0,0,0,0,0,0,0,7,19,1964594.241657624
Marketing,37,919,8627,35939,0,0,0,0,0,0,0,0,11,7,0,0,662410.9332646602
IT,138,676,6306,71373,13,9,3,0,0,0,0,0,0,0,0,0,2409904.567283212
IT,71,976,36968,23545,12,15,9,0,0,0,0,0,0,0,0,0,2553996.064333124
Marketing,122,796,44353,72003,0,0,0,0,0,0,0,0,12,7,0,0,1951890.1439235047
IT,90,998,31736,10854,5,1,1,0,0,0,0,0,0,0,0,0,671197.4306227539
Event,135,429,26556,60859,0,0,0,0,0,6,4,11,0,0,0,0,1297020.6152468328
Research,125,909,5197,99045,0,0,0,0,0,0,0,0,0,0,11,16,3168775.766504338
IT,133,486,49357,61663,3,4,19,0,0,0,0,0,0,0,0,0,1796045.5580720813
Marketing,105,788,24360,93879,0,0,0,0,0,0,0,0,7,18,0,0,2189766.4156542383
IT,20,772,26918,95981,10,3,7,0,0,0,0,0,0,0,0,0,436918.30305459327
IT,69,301,36616,30932,5,9,9,0,0,0,0,0,0,0,0,0,547867.2408066734
Event,156,507,6154,14499,0,0,0,0,0,1,11,17,0,0,0,0,2315786.3623664933
Research,155,637,16969,12869,0,0,0,0,0,0,0,0,0,0,3,16,1902231.242909868
Research,178,460,43467,33328,0,0,0,0,0,0,0,0,0,0,14,16,2537044.886799654
Event,154,939,49064,80091,0,0,0,0,0,19,14,6,0,0,0,0,5775130.947612019
Research,60,737,10895,29738,0,0,0,0,0,0,0,0,0,0,2,1,171969.71583381022
Research,70,958,42410,83744,0,0,0,0,0,0,0,0,0,0,12,14,1883314.845832948
Research,15,398,37635,73208,0,0,0,0,0,0,0,0,0,0,5,17,252777.43106114995
Marketing,125,490,15492,16102,0,0,0,0,0,0,0,0,1,3,0,0,284326.6837773576
Construction,34,865,5569,61885,0,0,0,18,15,0,0,0,0,0,0,0,1043271.117544312
IT,113,692,17533,64748,10,3,18,0,0,0,0,0,0,0,0,0,2506613.8042973983
IT,161,824,28355,97545,7,4,13,0,0,0,0,0,0,0,0,0,3307056.275511127
Event,152,391,37097,88657,0,0,0,0,0,19,17,10,0,0,0,0,2858987.3258576808
Event,110,563,24508,13051,0,0,0,0,0,12,5,7,0,0,0,0,1535824.1797869622
Marketing,153,568,42233,27019,0,0,0,0,0,0,0,0,10,19,0,0,2598685.0687916027
IT,129,903,42945,35945,5,9,12,0,0,0,0,0,0,0,0,0,3101550.517964721
IT,43,395,12805,15237,16,8,13,0,0,0,0,0,0,0,0,0,654814.4938207952
Research,138,571,18500,63222,0,0,0,0,0,0,0,0,0,0,5,3,708452.2929838517
Research,95,996,32932,71389,0,0,0,0,0,0,0,0,0,0,5,15,1990321.4013336843
IT,103,752,34899,53919,16,7,4,0,0,0,0,0,0,0,0,0,2178867.159243034
Construction,19,399,7849,50158,0,0,0,10,19,0,0,0,0,0,0,0,271617.08409017575
Construction,105,624,21364,14611,0,0,0,16,16,0,0,0,0,0,0,0,2131602.712370842
Event,93,963,11833,21938,0,0,0,0,0,1,1,19,0,0,0,0,1914814.4830355856
Event,110,567,45770,48304,0,0,0,0,0,8,10,11,0,0,0,0,1904208.9593386755
IT,99,904,20305,85353,2,19,9,0,0,0,0,0,0,0,0,0,2787424.502400897
Marketing,67,800,43513,36092,0,0,0,0,0,0,0,0,11,4,0,0,885848.24337026
Marketing,147,756,40735,57295,0,0,0,0,0,0,0,0,3,17,0,0,2320276.341581661
Event,45,395,28190,17357,0,0,0,0,0,5,12,17,0,0,0,0,655618.8576773735
Event,114,572,49912,24397,0,0,0,0,0,16,13,19,0,0,0,0,3208582.3232939425
IT,109,695,12400,34466,12,9,7,0,0,0,0,0,0,0,0,0,2168523.840422212
Marketing,92,805,10486,18335,0,0,0,0,0,0,0,0,5,3,0,0,622639.1800708156
Marketing,34,768,45419,70566,0,0,0,0,0,0,0,0,16,7,0,0,716499.7661357655
Construction,142,462,43102,84460,0,0,0,11,11,0,0,0,0,0,0,0,1566363.728142571
Construction,85,308,28625,92873,0,0,0,12,17,0,0,0,0,0,0,0,878551.4829654872
Construction,36,933,22924,98092,0,0,0,5,6,0,0,0,0,0,0,0,491503.11363763735
Event,145,795,47348,36432,0,0,0,0,0,17,7,13,0,0,0,0,4345633.862783478
Event,117,481,31790,35289,0,0,0,0,0,19,7,3,0,0,0,0,1705912.556831241
Research,150,519,8709,40355,0,0,0,0,0,0,0,0,0,0,8,9,1376714.855796392
Marketing,122,708,38591,92848,0,0,0,0,0,0,0,0,6,6,0,0,1173617.7101253453
Construction,53,984,27700,44620,0,0,0,15,16,0,0,0,0,0,0,0,1690152.462409052
Research,173,526,35354,23843,0,0,0,0,0,0,0,0,0,0,18,15,3062193.962003909
IT,58,825,47356,78866,16,11,12,0,0,0,0,0,0,0,0,0,1987994.19105984
Research,17,421,41487,94665,0,0,0,0,0,0,0,0,0,0,18,5,299588.7583320535
IT,164,801,45080,48088,1,13,16,0,0,0,0,0,0,0,0,0,4037797.815082648
Construction,19,541,34548,47892,0,0,0,1,1,0,0,0,0,0,0,0,110381.29312714816
Construction,20,581,9158,72680,0,0,0,17,13,0,0,0,0,0,0,0,431531.41546138073
Research,104,944,43757,90642,0,0,0,0,0,0,0,0,0,0,5,5,1113737.1215401534
Construction,92,444,43765,44816,0,0,0,19,13,0,0,0,0,0,0,0,1388874.0494222906
IT,41,333,41187,17239,7,2,3,0,0,0,0,0,0,0,0,0,224939.459049876
Event,59,567,47944,83963,0,0,0,0,0,5,17,16,0,0,0,0,1390077.059951578
Research,94,877,31698,63682,0,0,0,0,0,0,0,0,0,0,7,6,1163798.5735808795
Marketing,47,605,13017,16941,0,0,0,0,0,0,0,0,15,19,0,0,995400.9658277772
IT,88,841,9854,62329,19,17,5,0,0,0,0,0,0,0,0,0,3110098.71127898
Research,141,437,24856,97369,0,0,0,0,0,0,0,0,0,0,17,5,1477768.004301631
Research,135,342,17015,55002,0,0,0,0,0,0,0,0,0,0,19,15,1643812.5966354278
IT,160,482,20183,81774,11,16,8,0,0,0,0,0,0,0,0,0,2803958.1285548536
IT,105,494,38434,79724,18,19,19,0,0,0,0,0,0,0,0,0,3018317.3587169526
Research,14,765,42545,46668,0,0,0,0,0,0,0,0,0,0,6,1,153453.7162007503
Construction,87,372,28321,20488,0,0,0,15,15,0,0,0,0,0,0,0,1022293.7062539576
Event,72,347,9432,74291,0,0,0,0,0,1,8,17,0,0,0,0,734197.6421288053
Construction,37,377,49247,26748,0,0,0,14,19,0,0,0,0,0,0,0,536490.1772992522
Event,120,662,43638,77067,0,0,0,0,0,13,18,6,0,0,0,0,3051952.768398712
IT,128,784,15267,11062,17,7,12,0,0,0,0,0,0,0,0,0,3640018.318179336
IT,154,824,49243,16168,4,10,3,0,0,0,0,0,0,0,0,0,2221152.473653235
Marketing,120,769,19369,22910,0,0,0,0,0,0,0,0,8,8,0,0,1529623.2114768666
IT,92,853,40240,70004,6,2,13,0,0,0,0,0,0,0,0,0,1760722.890794824
Research,159,576,6605,81158,0,0,0,0,0,0,0,0,0,0,16,4,1918471.7430588296
Event,71,649,18918,95655,0,0,0,0,0,9,3,19,0,0,0,0,1547009.4210223916
IT,103,803,18234,63441,15,11,8,0,0,0,0,0,0,0,0,0,2894507.020301427
Construction,53,944,11469,40105,0,0,0,4,19,0,0,0,0,0,0,0,1205512.9100347457
Marketing,56,300,44001,88477,0,0,0,0,0,0,0,0,6,5,0,0,313204.0793600485
Event,109,558,25128,69383,0,0,0,0,0,10,5,10,0,0,0,0,1612051.1566055182
Research,82,849,31614,46258,0,0,0,0,0,0,0,0,0,0,17,5,1613269.2554731767
Marketing,87,675,41298,80792,0,0,0,0,0,0,0,0,2,12,0,0,947580.5047587836
Marketing,73,648,13007,51832,0,0,0,0,0,0,0,0,5,14,0,0,962668.9617025217
Marketing,39,590,26204,25524,0,0,0,0,0,0,0,0,5,19,0,0,605416.8742844821
Marketing,98,341,23520,53303,0,0,0,0,0,0,0,0,8,7,0,0,588470.0039932271
Event,134,721,10984,97062,0,0,0,0,0,15,1,17,0,0,0,0,3295112.1066698493
Research,113,403,9018,21302,0,0,0,0,0,0,0,0,0,0,19,6,1172910.524878725
Event,144,478,29519,97487,0,0,0,0,0,15,15,1,0,0,0,0,2265627.610039798
Marketing,166,849,37184,76656,0,0,0,0,0,0,0,0,5,1,0,0,959854.274355764
Marketing,95,821,42380,53872,0,0,0,0,0,0,0,0,6,13,0,0,1576807.625323533
Research,145,560,19382,94291,0,0,0,0,0,0,0,0,0,0,12,13,2138779.1814210885
Construction,164,394,40442,49666,0,0,0,4,4,0,0,0,0,0,0,0,610626.4927412585
Marketing,20,553,19153,86325,0,0,0,0,0,0,0,0,6,8,0,0,268155.97210439487
Construction,55,662,7443,85993,0,0,0,13,8,0,0,0,0,0,0,0,870274.7598980841
Marketing,109,623,43727,10126,0,0,0,0,0,0,0,0,10,17,0,0,1887988.105909876
Marketing,40,677,25530,54327,0,0,0,0,0,0,0,0,9,11,0,0,616508.975898707
Research,99,921,24256,63173,0,0,0,0,0,0,0,0,0,0,19,8,2548633.065399502
Research,62,436,44224,23224,0,0,0,0,0,0,0,0,0,0,3,11,445568.6132312127
Event,171,646,41368,16783,0,0,0,0,0,11,12,19,0,0,0,0,4701760.086805414
IT,97,460,42148,14757,18,17,7,0,0,0,0,0,0,0,0,0,1930759.8204314045
Marketing,127,641,36195,31566,0,0,0,0,0,0,0,0,8,17,0,0,2105083.2412269185
IT,150,514,7482,34442,19,17,13,0,0,0,0,0,0,0,0,0,3825254.527633848
Event,27,889,43258,58302,0,0,0,0,0,18,2,17,0,0,0,0,987698.0884088172
Construction,175,943,17342,50806,0,0,0,3,10,0,0,0,0,0,0,0,2217639.1193881035
Marketing,96,354,45411,36399,0,0,0,0,0,0,0,0,18,7,0,0,924777.3049194512
Research,17,612,15998,65106,0,0,0,0,0,0,0,0,0,0,8,15,325209.9534517535
Marketing,17,717,12970,44911,0,0,0,0,0,0,0,0,14,14,0,0,400035.7921481718
Event,153,751,46124,96925,0,0,0,0,0,16,18,7,0,0,0,0,4860887.765510534
Research,156,923,41220,51874,0,0,0,0,0,0,0,0,0,0,4,18,3264679.597792648
Construction,138,822,42609,25358,0,0,0,2,3,0,0,0,0,0,0,0,627363.8541323805
Research,46,555,12083,27771,0,0,0,0,0,0,0,0,0,0,17,10,732194.0497567282
Event,137,414,32856,12573,0,0,0,0,0,9,8,2,0,0,0,0,1116330.0728894714
Event,13,965,46401,86908,0,0,0,0,0,2,5,11,0,0,0,0,362835.3204701136
Construction,137,341,43243,67384,0,0,0,6,2,0,0,0,0,0,0,0,494390.87022819975
Construction,85,898,45809,26725,0,0,0,6,8,0,0,0,0,0,0,0,1144741.957898965
Construction,21,754,32529,69052,0,0,0,17,14,0,0,0,0,0,0,0,590694.9345685159
Marketing,124,328,29063,82355,0,0,0,0,0,0,0,0,17,7,0,0,1088538.7918144814
Event,63,397,28150,78247,0,0,0,0,0,5,1,4,0,0,0,0,350347.2093712699
Marketing,90,806,43890,76017,0,0,0,0,0,0,0,0,9,2,0,0,918573.1338856468
Research,82,595,42904,64912,0,0,0,0,0,0,0,0,0,0,11,8,1027036.2384116168
Event,117,471,14650,95469,0,0,0,0,0,6,2,12,0,0,0,0,1210257.093199083
Event,110,343,9090,16960,0,0,0,0,0,17,10,17,0,0,0,0,1687058.5050046665
Event,17,960,16344,11750,0,0,0,0,0,5,16,6,0,0,0,0,462057.2782064495
IT,98,567,16918,37935,10,16,7,0,0,0,0,0,0,0,0,0,1878768.5656349463
Research,16,436,16122,90559,0,0,0,0,0,0,0,0,0,0,8,18,286659.50467099977
Event,91,522,30510,29426,0,0,0,0,0,18,10,7,0,0,0,0,1722986.6038847049
Event,117,487,18409,92050,0,0,0,0,0,5,11,8,0,0,0,0,1475643.6235564747
Construction,117,338,33535,16640,0,0,0,4,13,0,0,0,0,0,0,0,726795.8251208544
Construction,117,749,13502,62393,0,0,0,2,13,0,0,0,0,0,0,0,1391805.161026976
Research,27,715,18919,79346,0,0,0,0,0,0,0,0,0,0,7,14,509785.8547529573
Research,71,544,17984,43039,0,0,0,0,0,0,0,0,0,0,12,15,1100453.8410493494
IT,19,658,17676,20816,17,3,13,0,0,0,0,0,0,0,0,0,444335.7474448286
Marketing,155,592,45600,67775,0,0,0,0,0,0,0,0,1,14,0,0,1485181.740267579
IT,152,643,14155,53001,5,5,11,0,0,0,0,0,0,0,0,0,2120982.028925428
Event,71,525,29262,90435,0,0,0,0,0,4,8,19,0,0,0,0,1275473.5326137766
Research,119,629,45042,71665,0,0,0,0,0,0,0,0,0,0,9,17,2065409.3642649336
IT,18,398,23297,40448,10,3,18,0,0,0,0,0,0,0,0,0,291799.90981275536
Construction,71,444,29578,38831,0,0,0,3,6,0,0,0,0,0,0,0,359016.3739316786
IT,82,879,39701,93300,2,11,9,0,0,0,0,0,0,0,0,0,1722134.9287260054
Event,132,840,22602,98801,0,0,0,0,0,12,10,9,0,0,0,0,3561216.673312434
Event,133,337,19663,31754,0,0,0,0,0,5,16,18,0,0,0,0,1798432.4352583135
Research,69,987,8020,51755,0,0,0,0,0,0,0,0,0,0,5,13,1285546.8855196363
Research,124,997,6591,21303,0,0,0,0,0,0,0,0,0,0,2,8,1270115.9663672403
Event,42,561,25695,17314,0,0,0,0,0,16,8,1,0,0,0,0,630727.8123391927
Research,116,856,37088,36292,0,0,0,0,0,0,0,0,0,0,10,4,1462180.8197080635
Event,175,999,27534,73620,0,0,0,0,0,11,13,19,0,0,0,0,7615919.504378057
Construction,109,557,31588,43062,0,0,0,2,13,0,0,0,0,0,0,0,988539.455229684
Event,122,532,39832,41966,0,0,0,0,0,2,13,3,0,0,0,0,1248115.3071516738
Construction,72,711,38339,36660,0,0,0,4,4,0,0,0,0,0,0,0,481182.8421647687
Construction,77,491,19859,73888,0,0,0,10,1,0,0,0,0,0,0,0,506691.25955739326
Event,134,759,26510,67372,0,0,0,0,0,11,1,6,0,0,0,0,1934144.022942294
Event,67,837,16745,36029,0,0,0,0,0,2,4,17,0,0,0,0,1349084.2986708216
Event,125,429,18261,62307,0,0,0,0,0,11,3,17,0,0,0,0,1743481.3993486331
Marketing,101,320,44214,91871,0,0,0,0,0,0,0,0,5,6,0,0,489886.5582603111
Event,10,869,49923,29982,0,0,0,0,0,2,3,17,0,0,0,0,278831.0473826315
IT,33,823,31385,48158,12,16,8,0,0,0,0,0,0,0,0,0,1055172.3994037572
Research,62,819,13782,92970,0,0,0,0,0,0,0,0,0,0,14,18,1729239.133685076
Marketing,140,648,22343,48827,0,0,0,0,0,0,0,0,3,14,0,0,1621600.5637477385
Marketing,18,977,14208,15109,0,0,0,0,0,0,0,0,2,8,0,0,212682.1942000223
Event,73,371,31589,40015,0,0,0,0,0,18,14,15,0,0,0,0,1336585.4858825714
Research,42,401,35087,59930,0,0,0,0,0,0,0,0,0,0,19,9,570395.0732807214
IT,85,345,43559,84319,1,10,8,0,0,0,0,0,0,0,0,0,680671.4066601291
Research,167,888,48201,91061,0,0,0,0,0,0,0,0,0,0,7,14,3253666.30116584
Construction,152,405,14078,35003,0,0,0,17,8,0,0,0,0,0,0,0,1595077.77718293
IT,15,372,31015,43320,18,12,8,0,0,0,0,0,0,0,0,0,290998.1684145639
Construction,101,617,30683,23629,0,0,0,15,7,0,0,0,0,0,0,0,1428543.046404635
Construction,31,709,38662,66446,0,0,0,9,10,0,0,0,0,0,0,0,532591.7213686411
Event,21,386,49555,11560,0,0,0,0,0,13,19,19,0,0,0,0,477135.1774401775
Event,53,893,15181,26082,0,0,0,0,0,5,9,3,0,0,0,0,842987.4999803071
Marketing,44,744,44004,26309,0,0,0,0,0,0,0,0,15,1,0,0,592405.8863633942
Research,168,323,13595,57908,0,0,0,0,0,0,0,0,0,0,4,12,941485.7733829686
Marketing,161,861,20282,14703,0,0,0,0,0,0,0,0,9,4,0,0,1836643.7454259703
Marketing,75,634,31017,86707,0,0,0,0,0,0,0,0,6,7,0,0,734008.174088934
Construction,124,485,47229,96652,0,0,0,12,3,0,0,0,0,0,0,0,1053363.7017486296
IT,108,819,31723,33279,10,12,14,0,0,0,0,0,0,0,0,0,3256174.456770737
Construction,128,592,49965,14648,0,0,0,15,14,0,0,0,0,0,0,0,2250944.867788429
Construction,79,444,31616,77649,0,0,0,3,5,0,0,0,0,0,0,0,391048.9991442735
Research,177,759,37419,22588,0,0,0,0,0,0,0,0,0,0,15,11,3552172.9007276907
Construction,102,660,47240,16276,0,0,0,8,11,0,0,0,0,0,0,0,1347573.742926811
Marketing,10,612,21959,81635,0,0,0,0,0,0,0,0,11,5,0,0,204033.07847794777
IT,129,855,19135,93310,15,6,12,0,0,0,0,0,0,0,0,0,3741410.6037764414
Event,157,633,21001,76504,0,0,0,0,0,5,1,3,0,0,0,0,995597.200386078
Research,170,990,38997,35611,0,0,0,0,0,0,0,0,0,0,10,18,4786604.417099457
Event,52,425,28857,71212,0,0,0,0,0,7,15,11,0,0,0,0,839810.8735239037
Marketing,160,683,43525,42556,0,0,0,0,0,0,0,0,16,18,0,0,3800903.051859224
Construction,133,674,15225,33196,0,0,0,6,5,0,0,0,0,0,0,0,1033968.7791843195
Construction,154,837,41487,75838,0,0,0,8,17,0,0,0,0,0,0,0,3339641.028266821
Marketing,81,644,35659,41890,0,0,0,0,0,0,0,0,16,14,0,0,1650636.1576615055
Construction,72,884,12848,97128,0,0,0,16,13,0,0,0,0,0,0,0,1950036.2730349065
IT,86,458,5488,49882,4,2,6,0,0,0,0,0,0,0,0,0,533973.3524446232
Construction,91,696,38768,35426,0,0,0,13,11,0,0,0,0,0,0,0,1588119.960924315
IT,97,754,31200,61924,15,1,12,0,0,0,0,0,0,0,0,0,2146845.9026344125
Event,69,904,43360,93360,0,0,0,0,0,17,17,3,0,0,0,0,2454773.785961151
Marketing,111,566,44778,86743,0,0,0,0,0,0,0,0,14,14,0,0,1887208.2482741117
Event,94,627,40631,41348,0,0,0,0,0,12,5,2,0,0,0,0,1213063.1790267215
Research,53,342,30519,36966,0,0,0,0,0,0,0,0,0,0,6,14,428741.5715599952
Event,60,623,18076,47650,0,0,0,0,0,2,14,4,0,0,0,0,815286.4226485044
Research,61,793,41378,52652,0,0,0,0,0,0,0,0,0,0,15,3,960599.3595956704
Construction,11,888,28171,96365,0,0,0,11,7,0,0,0,0,0,0,0,301177.3873958373
Marketing,83,338,12052,73646,0,0,0,0,0,0,0,0,7,17,0,0,751029.0313323416
Marketing,93,751,17149,69189,0,0,0,0,0,0,0,0,1,12,0,0,996499.373689802
Research,115,858,16130,98204,0,0,0,0,0,0,0,0,0,0,9,9,1885097.0393476505
IT,134,981,11295,44084,4,18,19,0,0,0,0,0,0,0,0,0,5447380.768580629
Marketing,69,466,41041,98920,0,0,0,0,0,0,0,0,18,19,0,0,1325482.2647337012
Construction,78,986,31160,27633,0,0,0,1,17,0,0,0,0,0,0,0,1453862.745638867
Research,152,718,38755,50390,0,0,0,0,0,0,0,0,0,0,11,10,2384672.221448515
IT,162,619,9358,75108,18,3,10,0,0,0,0,0,0,0,0,0,3186323.1777668763
Research,176,758,49311,39371,0,0,0,0,0,0,0,0,0,0,14,19,4482900.588330328
Research,45,652,12843,24210,0,0,0,0,0,0,0,0,0,0,9,8,541061.6756627017
IT,132,369,7472,82240,2,5,12,0,0,0,0,0,0,0,0,0,1016332.9295589536
Construction,76,680,45194,84069,0,0,0,6,2,0,0,0,0,0,0,0,534923.5217689818
Marketing,11,913,14686,63363,0,0,0,0,0,0,0,0,8,12,0,0,285465.051151962
Construction,167,932,8083,39328,0,0,0,16,12,0,0,0,0,0,0,0,4408915.031594727
Marketing,12,955,20901,82982,0,0,0,0,0,0,0,0,19,8,0,0,409536.5088783072
Research,93,705,31342,14895,0,0,0,0,0,0,0,0,0,0,1,16,1164788.578059273
Marketing,47,799,24169,26163,0,0,0,0,0,0,0,0,1,18,0,0,758055.2516483198
Construction,84,479,47685,28073,0,0,0,4,18,0,0,0,0,0,0,0,953260.7633703556
Event,159,442,9437,80971,0,0,0,0,0,5,10,12,0,0,0,0,1985721.0639687136
Construction,167,761,13325,62290,0,0,0,16,7,0,0,0,0,0,0,0,3004447.513736184
Marketing,23,372,17686,34226,0,0,0,0,0,0,0,0,2,2,0,0,89697.35744752939
Construction,34,552,34984,83822,0,0,0,14,1,0,0,0,0,0,0,0,400927.1281671711
Research,140,782,28429,60200,0,0,0,0,0,0,0,0,0,0,13,2,1733367.7883515577
Marketing,150,842,38613,38179,0,0,0,0,0,0,0,0,18,6,0,0,3108261.942092229
Research,52,553,42947,82146,0,0,0,0,0,0,0,0,0,0,19,5,814169.785645349
Construction,135,989,31526,35032,0,0,0,19,9,0,0,0,0,0,0,0,3812431.6306842496
Event,158,628,33861,38141,0,0,0,0,0,19,7,16,0,0,0,0,4244096.29044782
Marketing,112,851,28312,53108,0,0,0,0,0,0,0,0,7,4,0,0,1137458.6508066608
Marketing,175,530,20422,52468,0,0,0,0,0,0,0,0,3,7,0,0,990670.0628525744
Research,95,944,9481,73037,0,0,0,0,0,0,0,0,0,0,6,15,1979296.5707020976
Research,147,770,45761,15542,0,0,0,0,0,0,0,0,0,0,5,1,745119.1908069982
Research,91,472,5671,10163,0,0,0,0,0,0,0,0,0,0,17,3,872405.1471112575
IT,148,607,34300,99881,4,2,16,0,0,0,0,0,0,0,0,0,2109708.269700383
IT,166,721,48404,63352,17,9,9,0,0,0,0,0,0,0,0,0,4309324.542400712
IT,139,871,8631,16172,1,10,18,0,0,0,0,0,0,0,0,0,3546590.541066328
Construction,17,499,28472,59230,0,0,0,17,13,0,0,0,0,0,0,0,339163.4253849833
Event,78,715,44851,73936,0,0,0,0,0,5,8,13,0,0,0,0,1574272.342933066
Event,161,316,23052,26531,0,0,0,0,0,8,14,4,0,0,0,0,1375235.848135962
Event,152,510,43278,74027,0,0,0,0,0,19,11,5,0,0,0,0,2836780.9924222664
Construction,47,922,18279,49279,0,0,0,17,8,0,0,0,0,0,0,0,1151850.0800414872
IT,82,762,30538,87360,4,4,14,0,0,0,0,0,0,0,0,0,1497356.9967729757
Construction,158,975,30227,15978,0,0,0,8,2,0,0,0,0,0,0,0,1586440.7002285435
Research,169,650,8983,19503,0,0,0,0,0,0,0,0,0,0,2,11,1452390.812708234
Event,87,423,44896,87425,0,0,0,0,0,12,19,14,0,0,0,0,1789374.502799583
IT,129,421,15736,47643,9,15,18,0,0,0,0,0,0,0,0,0,2338150.405007861
Marketing,95,961,25714,68712,0,0,0,0,0,0,0,0,13,18,0,0,2927598.698890402
Construction,38,512,29858,58689,0,0,0,15,19,0,0,0,0,0,0,0,747930.0048898595
Event,174,652,13706,18894,0,0,0,0,0,19,7,12,0,0,0,0,4338923.255427817
IT,137,528,34806,98199,10,16,8,0,0,0,0,0,0,0,0,0,2596571.2725784755
IT,141,403,26727,78056,10,14,7,0,0,0,0,0,0,0,0,0,1861662.434487539
Event,164,365,36656,77695,0,0,0,0,0,13,9,4,0,0,0,0,1663461.7171725954
Event,79,510,22081,19596,0,0,0,0,0,4,10,3,0,0,0,0,721075.4590938583
Construction,46,768,18109,12023,0,0,0,7,10,0,0,0,0,0,0,0,623079.7184271496
IT,29,572,32766,78099,14,3,5,0,0,0,0,0,0,0,0,0,482113.920517136
Construction,64,799,32523,46727,0,0,0,2,18,0,0,0,0,0,0,0,1100438.2326961434
Event,58,618,10997,65506,0,0,0,0,0,13,12,6,0,0,0,0,1187994.969228416
Research,168,318,21044,15469,0,0,0,0,0,0,0,0,0,0,17,1,997731.5965707866
Event,56,417,15028,87984,0,0,0,0,0,17,6,4,0,0,0,0,732907.2624580836
Marketing,56,698,39501,40254,0,0,0,0,0,0,0,0,14,11,0,0,1058473.9015474524
Construction,59,918,33272,16397,0,0,0,13,6,0,0,0,0,0,0,0,1071863.5422968096
IT,118,862,28284,71330,10,3,14,0,0,0,0,0,0,0,0,0,2843028.9382206597
Research,58,373,30279,36201,0,0,0,0,0,0,0,0,0,0,4,7,297949.49121742934
Construction,172,940,7839,78920,0,0,0,4,6,0,0,0,0,0,0,0,1702187.8582147274
Marketing,161,847,28252,90797,0,0,0,0,0,0,0,0,12,10,0,0,3114126.436211749
Marketing,144,462,39742,29675,0,0,0,0,0,0,0,0,14,10,0,0,1670656.9231311665
Construction,79,855,46800,15347,0,0,0,11,18,0,0,0,0,0,0,0,2016936.1052465984
Construction,116,740,20892,57299,0,0,0,18,1,0,0,0,0,0,0,0,1708307.0160664893
Construction,169,502,6171,87454,0,0,0,16,7,0,0,0,0,0,0,0,2045453.78048034
Research,179,965,7539,32669,0,0,0,0,0,0,0,0,0,0,5,18,4015343.000473336
Research,58,670,27360,72292,0,0,0,0,0,0,0,0,0,0,12,9,912195.6423871828
IT,126,789,20352,43365,1,17,2,0,0,0,0,0,0,0,0,0,2057057.3393235195
IT,26,909,17485,79184,10,5,2,0,0,0,0,0,0,0,0,0,487026.2607125883
IT,75,397,16407,88258,7,12,15,0,0,0,0,0,0,0,0,0,1124001.132112794
Construction,108,542,39622,20800,0,0,0,7,4,0,0,0,0,0,0,0,704603.0656818553
Marketing,152,675,15983,28133,0,0,0,0,0,0,0,0,14,9,0,0,2411828.969827408
IT,75,553,25354,52951,12,1,10,0,0,0,0,0,0,0,0,0,1034129.3392535454
Marketing,15,978,31390,98664,0,0,0,0,0,0,0,0,18,11,0,0,556050.3520526888
Marketing,50,463,12239,16710,0,0,0,0,0,0,0,0,9,15,0,0,577357.6101084132
Construction,51,767,24909,87067,0,0,0,2,7,0,0,0,0,0,0,0,456200.6406348589
Event,123,339,11629,95120,0,0,0,0,0,8,5,16,0,0,0,0,1322450.7749262983
Event,110,559,44901,21205,0,0,0,0,0,14,19,9,0,0,0,0,2648807.097283364
IT,72,408,47870,62756,13,2,4,0,0,0,0,0,0,0,0,0,675831.1027770771
Marketing,111,805,31170,18438,0,0,0,0,0,0,0,0,5,3,0,0,773412.6129566544
Construction,163,681,28172,42994,0,0,0,9,6,0,0,0,0,0,0,0,1737330.776390449
Construction,143,510,21299,40090,0,0,0,2,15,0,0,0,0,0,0,0,1294559.3174311577
Construction,140,887,17763,69165,0,0,0,16,1,0,0,0,0,0,0,0,2203403.892985281
Research,172,991,48553,55096,0,0,0,0,0,0,0,0,0,0,19,15,5901253.796510953
IT,78,919,23058,86637,15,3,1,0,0,0,0,0,0,0,0,0,1465583.363096737
Marketing,134,571,27433,11089,0,0,0,0,0,0,0,0,3,8,0,0,882523.7958467646
IT,96,939,14794,97960,15,6,15,0,0,0,0,0,0,0,0,0,3352905.1950445604
Research,66,928,49333,18179,0,0,0,0,0,0,0,0,0,0,14,4,1171729.1504963678
Event,86,506,15449,60290,0,0,0,0,0,1,6,2,0,0,0,0,469828.9356507383
Marketing,81,846,43429,81678,0,0,0,0,0,0,0,0,14,17,0,0,2248303.6954810238
IT,92,921,20282,94866,10,19,9,0,0,0,0,0,0,0,0,0,3337072.422341322
Marketing,80,362,16002,23947,0,0,0,0,0,0,0,0,19,15,0,0,1017230.5427866464
Research,70,975,36655,53472,0,0,0,0,0,0,0,0,0,0,9,1,771316.1314856808
Marketing,98,953,34492,21240,0,0,0,0,0,0,0,0,14,9,0,0,2205935.564812368
IT,129,426,10374,96710,16,17,16,0,0,0,0,0,0,0,0,0,2804325.678568437
Marketing,44,875,34165,68929,0,0,0,0,0,0,0,0,5,16,0,0,913331.6518807904
IT,146,623,30634,19168,2,1,8,0,0,0,0,0,0,0,0,0,1056157.543839775
Research,96,730,39215,16581,0,0,0,0,0,0,0,0,0,0,12,14,1880432.012997625
Construction,61,904,21789,24567,0,0,0,19,6,0,0,0,0,0,0,0,1431824.2927258147
Marketing,166,478,33803,28230,0,0,0,0,0,0,0,0,7,4,0,0,933578.0603490892
Marketing,171,646,16190,72824,0,0,0,0,0,0,0,0,1,8,0,0,1071194.2303255016
IT,154,872,26259,38933,8,19,10,0,0,0,0,0,0,0,0,0,5026816.412681641
Event,93,988,11796,96716,0,0,0,0,0,6,17,14,0,0,0,0,3507804.4721368565
IT,145,854,34075,26724,17,10,11,0,0,0,0,0,0,0,0,0,4763435.11105748
IT,97,870,8112,32054,13,11,14,0,0,0,0,0,0,0,0,0,3251254.5652284143
Event,148,632,49199,71035,0,0,0,0,0,19,12,8,0,0,0,0,3769473.6332550575
Marketing,170,600,38755,13321,0,0,0,0,0,0,0,0,5,8,0,0,1380619.6251161497
IT,100,473,18654,62893,13,15,17,0,0,0,0,0,0,0,0,0,2218108.103141277
Construction,77,972,29995,26977,0,0,0,5,19,0,0,0,0,0,0,0,1857712.196579328
Marketing,177,383,34808,26715,0,0,0,0,0,0,0,0,19,15,0,0,2363785.527343865
Research,114,501,39610,20058,0,0,0,0,0,0,0,0,0,0,13,10,1380819.0914381982
Construction,60,417,45312,56619,0,0,0,3,6,0,0,0,0,0,0,0,327402.7550214274
Construction,90,567,7282,44624,0,0,0,13,15,0,0,0,0,0,0,0,1477022.0789663673
Construction,110,512,42437,87872,0,0,0,6,11,0,0,0,0,0,0,0,1096950.08567421
IT,131,329,41027,52849,3,3,12,0,0,0,0,0,0,0,0,0,865930.6325396894
IT,72,322,21743,25434,16,4,1,0,0,0,0,0,0,0,0,0,541026.3975036666
Marketing,174,306,8267,49332,0,0,0,0,0,0,0,0,1,1,0,0,179522.77575099203
Marketing,28,968,45379,27297,0,0,0,0,0,0,0,0,3,11,0,0,458500.20166075823
Event,58,875,27852,89239,0,0,0,0,0,2,16,12,0,0,0,0,1637099.6605844982
IT,40,687,10744,93820,18,5,3,0,0,0,0,0,0,0,0,0,818533.357799825
Event,116,747,30833,87362,0,0,0,0,0,18,6,15,0,0,0,0,3499669.2919379864
Research,39,784,7169,94092,0,0,0,0,0,0,0,0,0,0,5,10,557527.1317725815
Marketing,27,500,23800,35372,0,0,0,0,0,0,0,0,13,15,0,0,425738.41025892255
Marketing,154,408,41575,52261,0,0,0,0,0,0,0,0,4,5,0,0,660240.501060525
Construction,118,678,15582,60098,0,0,0,3,10,0,0,0,0,0,0,0,1109830.5353020506
Construction,169,408,9857,10340,0,0,0,14,12,0,0,0,0,0,0,0,1816123.5390205688
Marketing,138,903,35654,35879,0,0,0,0,0,0,0,0,3,13,0,0,2062813.4138945108
Construction,148,734,44420,65568,0,0,0,3,18,0,0,0,0,0,0,0,2396764.7981749927
Construction,28,464,23951,11307,0,0,0,5,17,0,0,0,0,0,0,0,330873.73727110296
Research,173,958,15238,48975,0,0,0,0,0,0,0,0,0,0,2,11,2215781.9708308023
Research,148,786,21859,17684,0,0,0,0,0,0,0,0,0,0,17,9,3053581.5227934564
Construction,21,881,37272,76418,0,0,0,19,16,0,0,0,0,0,0,0,762311.0715482368
Construction,111,886,33064,89063,0,0,0,15,11,0,0,0,0,0,0,0,2677389.8340825457
IT,91,903,23354,32190,15,4,7,0,0,0,0,0,0,0,0,0,2197871.030096042
Event,72,622,7490,35518,0,0,0,0,0,14,16,18,0,0,0,0,2191617.725101574
Research,76,865,24337,32313,0,0,0,0,0,0,0,0,0,0,16,12,1894236.4138770504
IT,56,462,17306,20503,17,8,7,0,0,0,0,0,0,0,0,0,870024.9673619138
Event,74,591,37792,19764,0,0,0,0,0,1,15,5,0,0,0,0,978303.6273379604
IT,173,846,15433,25038,8,9,2,0,0,0,0,0,0,0,0,0,2823702.811414636
Marketing,167,657,6098,29810,0,0,0,0,0,0,0,0,8,3,0,0,1248300.7671339996
Construction,54,872,23514,84085,0,0,0,16,2,0,0,0,0,0,0,0,964585.1757320132
IT,128,461,29297,66699,16,6,2,0,0,0,0,0,0,0,0,0,1511381.1781349524
Marketing,43,594,7951,27622,0,0,0,0,0,0,0,0,14,7,0,0,568407.1385352339
Research,48,620,20592,32173,0,0,0,0,0,0,0,0,0,0,13,19,1011888.2929791932
IT,32,843,43333,90905,4,8,18,0,0,0,0,0,0,0,0,0,936973.8980044044
Construction,165,352,19743,56101,0,0,0,4,13,0,0,0,0,0,0,0,1064335.5046741094
Marketing,128,589,42713,83463,0,0,0,0,0,0,0,0,2,11,0,0,1108409.2796249755
IT,58,890,28545,41897,18,6,17,0,0,0,0,0,0,0,0,0,2182569.7502981266
Event,130,876,10738,42402,0,0,0,0,0,9,2,12,0,0,0,0,2678007.938855202
Marketing,109,440,30682,12224,0,0,0,0,0,0,0,0,6,16,0,0,1098950.066353821
IT,166,931,28478,81854,11,13,5,0,0,0,0,0,0,0,0,0,4594468.0986472005
IT,33,822,33099,64040,9,19,19,0,0,0,0,0,0,0,0,0,1369870.450878782
Research,57,839,30599,97592,0,0,0,0,0,0,0,0,0,0,3,15,989703.8848488312
Construction,114,754,25456,88860,0,0,0,18,5,0,0,0,0,0,0,0,2092937.723823012
IT,82,465,35154,44773,1,4,13,0,0,0,0,0,0,0,0,0,767769.3717980542
Research,171,562,35499,57377,0,0,0,0,0,0,0,0,0,0,3,6,951846.9405356634
IT,109,832,49283,43002,3,13,17,0,0,0,0,0,0,0,0,0,3093202.36476628
Construction,62,343,7100,71997,0,0,0,13,5,0,0,0,0,0,0,0,462767.4365518132
Event,162,686,39926,61813,0,0,0,0,0,17,12,11,0,0,0,0,4547430.649433586
IT,131,487,20193,54864,16,15,17,0,0,0,0,0,0,0,0,0,3139505.3786940486
Event,179,998,35116,91029,0,0,0,0,0,7,1,7,0,0,0,0,2805873.08328847
Marketing,66,937,11155,56607,0,0,0,0,0,0,0,0,16,11,0,0,1740451.1077827993
Marketing,120,606,25936,14426,0,0,0,0,0,0,0,0,8,1,0,0,704798.2630082176
IT,54,513,29770,12204,2,2,13,0,0,0,0,0,0,0,0,0,512028.7279778397
Construction,13,901,26607,34968,0,0,0,5,18,0,0,0,0,0,0,0,339281.3508286401
Event,152,839,21616,48458,0,0,0,0,0,12,7,10,0,0,0,0,3762700.293097319
Research,113,367,12006,84218,0,0,0,0,0,0,0,0,0,0,1,17,838004.9710809974
Marketing,111,515,28989,85451,0,0,0,0,0,0,0,0,15,9,0,0,1491972.5814210924
Construction,14,895,10939,57562,0,0,0,1,18,0,0,0,0,0,0,0,312140.7431660783
Event,24,872,26625,37076,0,0,0,0,0,6,6,18,0,0,0,0,685003.128080545
Event,15,392,48527,87227,0,0,0,0,0,13,11,12,0,0,0,0,348392.3044586739
IT,84,632,47506,64110,12,6,9,0,0,0,0,0,0,0,0,0,1545231.8072299075
Event,110,900,44954,48870,0,0,0,0,0,6,18,6,0,0,0,0,3065483.219316293
Marketing,117,870,33001,44064,0,0,0,0,0,0,0,0,11,11,0,0,2318574.4360309653
Research,115,307,15717,46191,0,0,0,0,0,0,0,0,0,0,4,15,732798.7388870787
IT,48,892,41435,97893,12,9,5,0,0,0,0,0,0,0,0,0,1246291.9613301514
Marketing,113,621,25022,53463,0,0,0,0,0,0,0,0,16,5,0,0,1555140.5766317768
Event,130,648,45386,95867,0,0,0,0,0,13,13,10,0,0,0,0,3191372.3889480005
IT,76,703,38396,13696,7,14,17,0,0,0,0,0,0,0,0,0,2075038.9702078665
Construction,125,992,6105,73811,0,0,0,1,18,0,0,0,0,0,0,0,2438351.822201101
Research,131,492,26904,74789,0,0,0,0,0,0,0,0,0,0,2,13,1071760.6220674256
IT,77,555,7871,56002,3,12,19,0,0,0,0,0,0,0,0,0,1512369.0797583845
Construction,49,944,9557,12179,0,0,0,10,15,0,0,0,0,0,0,0,1171484.431871305
Construction,125,408,25700,49464,0,0,0,16,19,0,0,0,0,0,0,0,1858013.5039811905
IT,77,570,40236,56976,3,15,8,0,0,0,0,0,0,0,0,0,1238783.7765775018
Research,173,835,15775,87801,0,0,0,0,0,0,0,0,0,0,4,3,1100136.3741040167
Research,125,578,48884,26964,0,0,0,0,0,0,0,0,0,0,9,6,1165837.0559895812
Research,66,949,27918,95076,0,0,0,0,0,0,0,0,0,0,3,19,1506476.9520648925
Marketing,178,642,40517,23156,0,0,0,0,0,0,0,0,16,19,0,0,4058796.6997661935
IT,135,795,41218,17214,4,7,16,0,0,0,0,0,0,0,0,0,2953219.449026542
Research,25,870,15014,74425,0,0,0,0,0,0,0,0,0,0,10,2,357550.84930849256
IT,148,779,17297,37128,17,4,16,0,0,0,0,0,0,0,0,0,4325488.738088614
Research,110,401,7800,52712,0,0,0,0,0,0,0,0,0,0,19,4,1070051.696863428
IT,136,387,25583,95774,7,6,1,0,0,0,0,0,0,0,0,0,856116.1010128411
Construction,178,776,23504,31644,0,0,0,6,6,0,0,0,0,0,0,0,1717395.1907574867
Marketing,61,544,6538,46176,0,0,0,0,0,0,0,0,17,12,0,0,1011503.1064622106
IT,90,773,49814,95091,4,18,17,0,0,0,0,0,0,0,0,0,2867515.8670661384
Event,52,718,23919,14173,0,0,0,0,0,1,14,2,0,0,0,0,665214.6312665959
Event,166,467,15578,28624,0,0,0,0,0,5,16,6,0,0,0,0,2135510.8539959667
Research,73,782,40531,62815,0,0,0,0,0,0,0,0,0,0,11,10,1305052.2662422408
Marketing,160,813,24477,27266,0,0,0,0,0,0,0,0,5,8,0,0,1747838.3822877554
Event,123,894,16442,56289,0,0,0,0,0,16,8,1,0,0,0,0,2812899.8238355084
Event,142,582,21523,76960,0,0,0,0,0,6,1,5,0,0,0,0,1092254.2640574034
IT,165,368,44029,10887,1,18,16,0,0,0,0,0,0,0,0,0,2186303.8602374205
Event,56,978,30027,56220,0,0,0,0,0,7,15,14,0,0,0,0,2052090.6477013924
Event,137,776,42623,32931,0,0,0,0,0,18,10,9,0,0,0,0,4002456.4252426745
Construction,78,711,30917,72120,0,0,0,5,18,0,0,0,0,0,0,0,1378958.3685936865
Construction,178,988,33230,69778,0,0,0,10,2,0,0,0,0,0,0,0,2204638.7345765247
Marketing,33,885,27693,14117,0,0,0,0,0,0,0,0,11,7,0,0,566859.7914686269
Event,166,794,35949,32547,0,0,0,0,0,9,12,19,0,0,0,0,5348148.912860059
Research,43,433,39510,11306,0,0,0,0,0,0,0,0,0,0,10,9,410815.7841703811
IT,105,859,41963,64330,2,4,1,0,0,0,0,0,0,0,0,0,736988.5553671714
Research,88,614,42525,12994,0,0,0,0,0,0,0,0,0,0,16,4,1131124.1026327668
Construction,167,324,46243,72912,0,0,0,17,13,0,0,0,0,0,0,0,1734739.4624872217
Marketing,92,949,16683,86872,0,0,0,0,0,0,0,0,13,14,0,0,2463442.2737800893
Construction,169,561,13367,80821,0,0,0,17,10,0,0,0,0,0,0,0,2653913.239245629
Event,94,426,34038,70686,0,0,0,0,0,4,9,19,0,0,0,0,1385260.228710486
Marketing,26,342,40192,85945,0,0,0,0,0,0,0,0,18,13,0,0,403584.9152459604
IT,119,368,10039,31281,8,11,18,0,0,0,0,0,0,0,0,0,1664463.7087153755
Event,71,613,22568,96346,0,0,0,0,0,16,18,16,0,0,0,0,2298904.8978223144
Event,173,742,48326,24924,0,0,0,0,0,14,3,10,0,0,0,0,3537466.1416758453
IT,129,902,49781,43458,14,10,17,0,0,0,0,0,0,0,0,0,4864686.159580391
IT,48,668,25411,53803,1,5,9,0,0,0,0,0,0,0,0,0,564006.336840558
Construction,65,486,40585,30025,0,0,0,11,6,0,0,0,0,0,0,0,599563.1677436164
Marketing,116,848,30934,57195,0,0,0,0,0,0,0,0,18,2,0,0,2045311.3457859107
Event,13,513,33927,51094,0,0,0,0,0,11,4,15,0,0,0,0,289985.62003432715
Construction,130,684,6637,41781,0,0,0,16,5,0,0,0,0,0,0,0,1910705.433536452
IT,101,320,36174,74450,13,15,19,0,0,0,0,0,0,0,0,0,1628007.4580840834
Marketing,149,743,40098,31225,0,0,0,0,0,0,0,0,13,14,0,0,3057350.816327461
Research,45,921,43889,76736,0,0,0,0,0,0,0,0,0,0,10,7,821497.3228724941
Research,146,305,23978,66358,0,0,0,0,0,0,0,0,0,0,9,5,708295.7710027453
Construction,96,764,43987,26322,0,0,0,9,15,0,0,0,0,0,0,0,1825625.95582706
Marketing,121,344,10520,46455,0,0,0,0,0,0,0,0,2,5,0,0,351016.89272902504
Marketing,27,905,9757,88581,0,0,0,0,0,0,0,0,1,17,0,0,546029.2108325983
Event,131,949,29690,53939,0,0,0,0,0,2,9,10,0,0,0,0,2691425.91576391
Marketing,20,505,40062,79166,0,0,0,0,0,0,0,0,19,15,0,0,464871.4488416945
Event,146,474,24744,94925,0,0,0,0,0,1,19,3,0,0,0,0,1719141.2471973852
Construction,177,474,42865,18640,0,0,0,18,2,0,0,0,0,0,0,0,1744541.1404583254
Construction,102,538,37972,20799,0,0,0,17,7,0,0,0,0,0,0,0,1374588.8446685132
Construction,26,370,20810,15126,0,0,0,17,7,0,0,0,0,0,0,0,265317.61675996607
IT,34,550,37130,50142,11,16,9,0,0,0,0,0,0,0,0,0,760220.9769147913
IT,102,804,47581,24671,9,19,12,0,0,0,0,0,0,0,0,0,3358054.3461690545
Research,92,958,42825,14994,0,0,0,0,0,0,0,0,0,0,11,14,2258090.6135625187
IT,155,734,46153,87535,8,6,12,0,0,0,0,0,0,0,0,0,3094567.390330892
Marketing,125,348,42548,46945,0,0,0,0,0,0,0,0,2,13,0,0,738249.0820567799
Research,88,831,27463,55276,0,0,0,0,0,0,0,0,0,0,10,3,1030226.188055872
Event,71,943,27010,34123,0,0,0,0,0,11,11,11,0,0,0,0,2264633.666704548
Construction,71,555,19683,10670,0,0,0,2,15,0,0,0,0,0,0,0,700757.6941707445
IT,67,667,37172,69197,7,17,3,0,0,0,0,0,0,0,0,0,1310076.7372602636
Research,53,840,40386,96598,0,0,0,0,0,0,0,0,0,0,9,6,806564.0131461251
Event,30,875,5489,54516,0,0,0,0,0,10,12,10,0,0,0,0,901094.9870533306
Research,22,566,37821,61727,0,0,0,0,0,0,0,0,0,0,8,8,293331.83481328806
Event,139,905,15973,16859,0,0,0,0,0,10,12,11,0,0,0,0,4180143.190459361
IT,11,477,11539,59522,18,17,6,0,0,0,0,0,0,0,0,0,297128.28379644314
Event,70,428,36709,57788,0,0,0,0,0,14,13,4,0,0,0,0,1025916.9530380592
Construction,141,779,15006,47701,0,0,0,5,12,0,0,0,0,0,0,0,1927916.826540096
Research,72,833,6093,90764,0,0,0,0,0,0,0,0,0,0,3,15,1173888.0815912697
Research,69,419,38457,95679,0,0,0,0,0,0,0,0,0,0,6,14,710708.7610682645
Research,113,376,33901,91159,0,0,0,0,0,0,0,0,0,0,11,1,638575.3535214415
Research,47,987,35746,85403,0,0,0,0,0,0,0,0,0,0,11,10,1095252.1350573883
Research,22,758,9594,35525,0,0,0,0,0,0,0,0,0,0,11,16,494418.3581616816
Research,44,897,37933,53469,0,0,0,0,0,0,0,0,0,0,18,17,1474716.042603446
Event,12,507,26188,86312,0,0,0,0,0,4,19,11,0,0,0,0,324810.90212592983
Construction,83,872,44850,66984,0,0,0,16,19,0,0,0,0,0,0,0,2643421.969942232
Construction,37,490,9996,32164,0,0,0,12,18,0,0,0,0,0,0,0,590851.442148525
Marketing,122,469,29229,89768,0,0,0,0,0,0,0,0,14,11,0,0,1554138.1099882787
Event,30,944,41182,10570,0,0,0,0,0,9,10,19,0,0,0,0,1126137.3127428386
IT,73,559,44104,28062,8,12,18,0,0,0,0,0,0,0,0,0,1627594.9919732446
Construction,157,733,22519,22192,0,0,0,11,15,0,0,0,0,0,0,0,3039185.465683661
Marketing,49,417,9627,66541,0,0,0,0,0,0,0,0,6,3,0,0,262258.3110317554
Research,75,737,47570,34519,0,0,0,0,0,0,0,0,0,0,12,8,1188261.3642103146
Event,159,959,28559,99049,0,0,0,0,0,17,16,14,0,0,0,0,7288561.923325312
Research,164,480,45150,98151,0,0,0,0,0,0,0,0,0,0,9,3,1091054.5561195014
Event,46,533,21848,56830,0,0,0,0,0,8,15,14,0,0,0,0,983261.8517805622
Marketing,26,363,11953,42093,0,0,0,0,0,0,0,0,19,14,0,0,364517.6670828595
Event,107,370,40179,35338,0,0,0,0,0,18,6,10,0,0,0,0,1421018.9883457855
Marketing,140,937,31616,89655,0,0,0,0,0,0,0,0,8,8,0,0,2216295.9129081736
Marketing,65,659,29685,35479,0,0,0,0,0,0,0,0,10,7,0,0,786284.1206406198
Research,45,400,49825,21349,0,0,0,0,0,0,0,0,0,0,4,18,460674.5286035184
Construction,40,674,39779,13373,0,0,0,5,6,0,0,0,0,0,0,0,346184.2295411088
Event,121,745,43230,29520,0,0,0,0,0,10,10,2,0,0,0,0,2060980.0097362248
Marketing,13,570,3772,5734,0,0,0,0,0,0,0,0,1,1,0,0,118011.18555127687
Event,6,557,2391,6949,0,0,0,0,0,0,2,2,0,0,0,0,113819.98287518286
Research,12,348,474,9274,0,0,0,0,0,0,0,0,0,0,2,0,72023.87962239394
Event,12,354,1267,1528,0,0,0,0,0,0,1,0,0,0,0,0,29717.481493323543
Research,9,466,2435,8792,0,0,0,0,0,0,0,0,0,0,2,2,142431.80655040598
Marketing,12,563,4014,8226,0,0,0,0,0,0,0,0,2,2,0,0,226973.53125103362
Marketing,2,353,3843,7989,0,0,0,0,0,0,0,0,0,2,0,0,24221.19158026931
Marketing,9,489,337,878,0,0,0,0,0,0,0,0,2,0,0,0,76039.80519474305
IT,12,487,379,8684,0,1,0,0,0,0,0,0,0,0,0,0,52430.38999847021
Event,3,380,391,5892,0,0,0,0,0,1,2,0,0,0,0,0,36701.38144420434
IT,8,567,3104,7215,2,0,0,0,0,0,0,0,0,0,0,0,87645.0269775359
Event,3,526,2690,3840,0,0,0,0,0,0,0,1,0,0,0,0,27786.58234287682
Event,9,506,1484,7858,0,0,0,0,0,0,2,0,0,0,0,0,91177.40421504293
Research,7,530,1678,3242,0,0,0,0,0,0,0,0,0,0,1,0,37503.44770865013
Event,3,385,2625,9789,0,0,0,0,0,0,0,2,0,0,0,0,28245.198981164805
Event,10,530,2237,7392,0,0,0,0,0,0,2,0,0,0,0,0,96995.33716556679
IT,4,532,1282,7526,1,2,0,0,0,0,0,0,0,0,0,0,54398.671023593226
Event,6,459,1495,3304,0,0,0,0,0,0,2,1,0,0,0,0,75469.42160963007
Marketing,12,594,3457,7554,0,0,0,0,0,0,0,0,0,1,0,0,67713.10974599517
Research,1,425,1707,5791,0,0,0,0,0,0,0,0,0,0,1,2,19422.511675223643
Event,8,422,4496,8958,0,0,0,0,0,0,2,2,0,0,0,0,127576.25218878256
IT,9,423,4282,2511,2,0,0,0,0,0,0,0,0,0,0,0,65757.7098784826
Event,4,446,3219,2911,0,0,0,0,0,0,2,0,0,0,0,0,37776.74107980868
IT,11,450,4061,262,1,0,2,0,0,0,0,0,0,0,0,0,122318.31311568468
Marketing,1,301,3723,4548,0,0,0,0,0,0,0,0,1,0,0,0,7672.013772141367
Event,3,451,3191,9888,0,0,0,0,0,2,2,0,0,0,0,0,52141.92821567602
Marketing,14,526,3183,2557,0,0,0,0,0,0,0,0,0,1,0,0,73980.87255572378
Research,9,460,4493,9492,0,0,0,0,0,0,0,0,0,0,2,2,148834.16460455893
Event,1,427,3104,4555,0,0,0,0,0,1,0,0,0,0,0,0,13773.046007918329
Research,3,563,3354,225,0,0,0,0,0,0,0,0,0,0,1,0,9599.521813140345
Marketing,15,446,4642,7679,0,0,0,0,0,0,0,0,2,0,0,0,110444.74468917238
Event,12,532,1060,2327,0,0,0,0,0,0,0,1,0,0,0,0,53243.32769796492
Event,12,415,190,980,0,0,0,0,0,1,2,0,0,0,0,0,121760.46872065101
Construction,3,473,3863,7455,0,0,0,1,0,0,0,0,0,0,0,0,16441.30610644006
Construction,15,454,2537,1409,0,0,0,1,2,0,0,0,0,0,0,0,169479.197345863
Research,10,546,537,5986,0,0,0,0,0,0,0,0,0,0,1,2,133922.10375318333
Marketing,10,335,4780,2368,0,0,0,0,0,0,0,0,2,2,0,0,114689.75625551914
Event,9,485,574,1148,0,0,0,0,0,2,0,1,0,0,0,0,104434.9558471422
Marketing,10,570,2491,3124,0,0,0,0,0,0,0,0,2,1,0,0,148466.9931656832
Marketing,14,346,4364,4465,0,0,0,0,0,0,0,0,2,1,0,0,124328.82017253885
IT,8,574,3675,5177,0,0,2,0,0,0,0,0,0,0,0,0,78464.90461121622
Construction,10,300,2849,7805,0,0,0,1,2,0,0,0,0,0,0,0,90960.50865304077
Research,5,571,4070,9662,0,0,0,0,0,0,0,0,0,0,1,0,28975.150170229932
Event,5,385,2744,9435,0,0,0,0,0,0,2,0,0,0,0,0,40557.82963566874
Marketing,5,503,2959,6617,0,0,0,0,0,0,0,0,2,1,0,0,68673.1592430342
Construction,10,545,2849,7390,0,0,0,1,2,0,0,0,0,0,0,0,134800.08409017575
IT,8,303,3087,2839,1,2,0,0,0,0,0,0,0,0,0,0,67337.81348393521
Marketing,2,462,2427,9760,0,0,0,0,0,0,0,0,0,1,0,0,20209.474139120146
Event,5,567,3913,1066,0,0,0,0,0,0,2,1,0,0,0,0,70926.45559394785
Construction,3,514,2896,8967,0,0,0,2,0,0,0,0,0,0,0,0,35977.90611709205
Construction,14,414,616,3974,0,0,0,1,2,0,0,0,0,0,0,0,148191.99937716624
Marketing,9,576,2808,8867,0,0,0,0,0,0,0,0,2,1,0,0,137627.49760438304
Event,1,398,4079,1571,0,0,0,0,0,0,2,2,0,0,0,0,19288.462527497737
Marketing,1,482,2326,2914,0,0,0,0,0,0,0,0,1,0,0,0,14451.207620587546
IT,14,383,728,1365,0,1,0,0,0,0,0,0,0,0,0,0,42932.54704670093
Marketing,14,522,4946,5486,0,0,0,0,0,0,0,0,1,1,0,0,132280.11772281546
Marketing,9,352,3222,1167,0,0,0,0,0,0,0,0,0,1,0,0,31355.591581872774
Event,2,538,953,2539,0,0,0,0,0,0,0,1,0,0,0,0,20476.4662483411
Research,8,469,2993,6938,0,0,0,0,0,0,0,0,0,0,1,1,62722.57829251338
Marketing,1,516,1324,9347,0,0,0,0,0,0,0,0,2,1,0,0,16017.681128117223
Event,13,481,2214,4186,0,0,0,0,0,2,0,1,0,0,0,0,154960.37878961847
Marketing,14,357,455,9086,0,0,0,0,0,0,0,0,0,1,0,0,49502.18585504852
Event,13,489,504,1214,0,0,0,0,0,0,2,1,0,0,0,0,155406.4624090521
Research,4,526,3512,6190,0,0,0,0,0,0,0,0,0,0,0,2,43428.96200390897
IT,5,353,3330,2703,0,2,0,0,0,0,0,0,0,0,0,0,29895.191059840196
Research,8,421,4185,3719,0,0,0,0,0,0,0,0,0,0,2,2,114505.75833205346
Marketing,5,340,4835,3775,0,0,0,0,0,0,0,0,1,0,0,0,12646.467414678906
Marketing,13,519,924,1581,0,0,0,0,0,0,0,0,0,2,0,0,112269.38229402651
Construction,3,555,4804,1838,0,0,0,2,0,0,0,0,0,0,0,0,39179.200603606434
IT,11,581,4158,3925,0,1,0,0,0,0,0,0,0,0,0,0,56865.121739476475
IT,2,404,510,384,2,0,0,0,0,0,0,0,0,0,0,0,13848.218498590915
Research,5,464,4809,4178,0,0,0,0,0,0,0,0,0,0,0,2,46341.90296882371
IT,14,300,4146,4780,0,0,1,0,0,0,0,0,0,0,0,0,25135.153931817218
Event,11,567,1984,1077,0,0,0,0,0,0,1,2,0,0,0,0,151407.68469025244
IT,1,411,2814,3374,0,1,0,0,0,0,0,0,0,0,0,0,15224.115394165412
Marketing,2,593,1329,6241,0,0,0,0,0,0,0,0,1,1,0,0,29172.05856345474
Event,15,548,4261,7648,0,0,0,0,0,2,1,0,0,0,0,0,218718.53618463498
Research,4,437,3472,5449,0,0,0,0,0,0,0,0,0,0,2,0,38027.011604652456
Research,2,561,4300,6269,0,0,0,0,0,0,0,0,0,0,0,2,30946.470558066376
Event,6,307,899,9911,0,0,0,0,0,1,0,0,0,0,0,0,15233.371630441252
Event,13,459,1969,6777,0,0,0,0,0,0,1,0,0,0,0,0,50080.544358823725
Research,6,300,523,2393,0,0,0,0,0,0,0,0,0,0,1,2,39607.98337129
Construction,13,372,2296,6190,0,0,0,1,0,0,0,0,0,0,0,0,41043.73497900949
Research,1,325,2055,1276,0,0,0,0,0,0,0,0,0,0,1,1,8739.326335626914
Construction,12,377,3287,364,0,0,0,1,2,0,0,0,0,0,0,0,114228.0948520352
Event,15,573,1906,3086,0,0,0,0,0,0,1,2,0,0,0,0,207349.4405309335
Construction,7,572,125,4632,0,0,0,0,2,0,0,0,0,0,0,0,57937.59305363909
IT,13,445,2158,6371,1,0,0,0,0,0,0,0,0,0,0,0,52853.82999384754
IT,12,382,2472,2739,1,0,2,0,0,0,0,0,0,0,0,0,115365.45465808107
IT,5,449,2324,1733,2,2,0,0,0,0,0,0,0,0,0,0,76533.82739268578
Event,14,394,3735,9352,0,0,0,0,0,0,1,0,0,0,0,0,58567.28412889919
Construction,4,519,4170,8195,0,0,0,2,0,0,0,0,0,0,0,0,45329.809452754314
IT,14,361,4289,846,0,0,1,0,0,0,0,0,0,0,0,0,42253.881205270765
Marketing,3,511,224,4208,0,0,0,0,0,0,0,0,2,1,0,0,44076.9933429658
Research,14,438,2026,3744,0,0,0,0,0,0,0,0,0,0,2,2,211979.04078421474
Construction,13,467,3713,1619,0,0,0,0,1,0,0,0,0,0,0,0,63819.96063842467
IT,1,564,1994,3490,2,1,0,0,0,0,0,0,0,0,0,0,16221.29012635864
Research,8,436,2635,8162,0,0,0,0,0,0,0,0,0,0,0,2,74130.1255733041
Marketing,13,566,872,9444,0,0,0,0,0,0,0,0,2,1,0,0,188880.2607118915
Event,14,361,4227,600,0,0,0,0,0,0,0,2,0,0,0,0,83586.07759589868
Event,13,322,4670,2190,0,0,0,0,0,0,1,0,0,0,0,0,43782.15895271323
Research,8,403,4018,1970,0,0,0,0,0,0,0,0,0,0,1,1,45874.03498742557
Event,8,341,2035,8669,0,0,0,0,0,1,0,0,0,0,0,0,30231.19550229878
Research,11,588,2243,2645,0,0,0,0,0,0,0,0,0,0,1,1,104126.77815267604
Construction,1,417,2853,6028,0,0,0,0,2,0,0,0,0,0,0,0,26838.9914054657
Research,8,560,3228,2371,0,0,0,0,0,0,0,0,0,0,1,2,108450.80945368538
Event,3,591,793,2116,0,0,0,0,0,2,2,0,0,0,0,0,50751.39875547861
Construction,14,517,2188,7783,0,0,0,1,1,0,0,0,0,0,0,0,133259.2215574459
Marketing,11,432,2935,3876,0,0,0,0,0,0,0,0,1,2,0,0,130269.12248237517
Event,13,595,3368,3797,0,0,0,0,0,0,2,0,0,0,0,0,137652.1002307749
Research,5,409,1205,3030,0,0,0,0,0,0,0,0,0,0,0,1,15321.815555669538
Research,15,436,201,3507,0,0,0,0,0,0,0,0,0,0,0,2,104700.62948848084
IT,3,362,536,1625,1,0,0,0,0,0,0,0,0,0,0,0,17199.627732878576
IT,11,550,1205,1990,1,0,2,0,0,0,0,0,0,0,0,0,144302.62891478805
IT,13,362,4757,2713,1,0,1,0,0,0,0,0,0,0,0,0,82580.82043140441
Marketing,6,362,1724,6704,0,0,0,0,0,0,0,0,0,2,0,0,45327.24122691835
Research,14,514,2482,8058,0,0,0,0,0,0,0,0,0,0,2,2,252094.4200771377
Research,14,443,3495,7186,0,0,0,0,0,0,0,0,0,0,1,2,156661.07420829954
Construction,2,412,2161,5797,0,0,0,0,2,0,0,0,0,0,0,0,22591.21132084234
Event,10,461,3451,54,0,0,0,0,0,2,0,1,0,0,0,0,112870.89365813817
IT,9,546,2490,8519,0,1,1,0,0,0,0,0,0,0,0,0,90349.07726248761
Construction,3,395,1311,2538,0,0,0,2,1,0,0,0,0,0,0,0,37180.464910581286
Research,14,522,822,943,0,0,0,0,0,0,0,0,0,0,1,2,180601.19123516392
Research,3,335,1308,4177,0,0,0,0,0,0,0,0,0,0,1,1,23898.91275132431
Marketing,11,533,1409,4566,0,0,0,0,0,0,0,0,2,0,0,0,93380.85323751859
IT,2,352,3577,1387,0,2,2,0,0,0,0,0,0,0,0,0,36265.97090992182
Event,14,514,4223,4831,0,0,0,0,0,0,0,1,0,0,0,0,68161.0088444603
Research,9,500,1301,2541,0,0,0,0,0,0,0,0,0,0,2,1,103291.15803671686
Research,2,514,804,74,0,0,0,0,0,0,0,0,0,0,2,1,25508.817164689608
Construction,1,464,4683,1622,0,0,0,2,0,0,0,0,0,0,0,0,20524.78813605279
Research,11,586,645,4263,0,0,0,0,0,0,0,0,0,0,1,1,121847.80967863092
IT,10,489,2681,3629,2,0,1,0,0,0,0,0,0,0,0,0,122591.57236549372
IT,3,480,3363,5490,0,1,2,0,0,0,0,0,0,0,0,0,47535.076941287305
Event,7,531,1250,1333,0,0,0,0,0,2,2,0,0,0,0,0,120903.93109328265
Research,8,588,1785,7715,0,0,0,0,0,0,0,0,0,0,1,0,44253.81086881113
Event,13,500,153,7617,0,0,0,0,0,0,2,0,0,0,0,0,112380.04907322681
IT,1,516,60,9130,1,0,1,0,0,0,0,0,0,0,0,0,19944.68810056055
Marketing,3,401,2322,9828,0,0,0,0,0,0,0,0,1,1,0,0,34060.97554685276
Research,1,356,3894,7982,0,0,0,0,0,0,0,0,0,0,2,2,26726.103404754336
IT,7,497,3726,3993,0,0,1,0,0,0,0,0,0,0,0,0,41981.74227553221
Construction,7,581,3157,390,0,0,0,1,1,0,0,0,0,0,0,0,70852.19865758542
Construction,11,514,1500,6737,0,0,0,2,0,0,0,0,0,0,0,0,97634.63812017105
Event,2,402,1182,3223,0,0,0,0,0,0,0,1,0,0,0,0,5624.575628864307
Marketing,7,314,3959,6640,0,0,0,0,0,0,0,0,1,2,0,0,69740.63414619083
Research,2,460,4111,8684,0,0,0,0,0,0,0,0,0,0,2,2,45801.99795102723
Event,11,338,813,2032,0,0,0,0,0,0,0,2,0,0,0,0,62568.08606561873
IT,8,535,1262,4361,0,1,2,0,0,0,0,0,0,0,0,0,103979.84686314495
Event,13,441,375,2033,0,0,0,0,0,1,0,1,0,0,0,0,98104.28970990177
IT,5,372,4494,8056,1,1,0,0,0,0,0,0,0,0,0,0,45125.39436986286
Event,14,525,4867,5690,0,0,0,0,0,0,2,1,0,0,0,0,179294.3632904134
Event,13,406,4321,824,0,0,0,0,0,0,2,1,0,0,0,0,134159.8174668576
IT,9,398,1913,9788,0,0,2,0,0,0,0,0,0,0,0,0,71553.94888746065
Construction,14,444,2,7906,0,0,0,1,2,0,0,0,0,0,0,0,168878.88182516355
Research,2,566,1640,7490,0,0,0,0,0,0,0,0,0,0,1,0,22875.19150783322
IT,3,525,1355,9752,0,2,0,0,0,0,0,0,0,0,0,0,27564.265075212366
Event,5,475,913,8228,0,0,0,0,0,0,1,1,0,0,0,0,40854.29849785578
IT,2,339,1324,317,1,0,0,0,0,0,0,0,0,0,0,0,13684.374018936065
Event,13,536,1312,9477,0,0,0,0,0,2,2,0,0,0,0,0,228105.9192893365
IT,11,358,1704,6924,0,1,0,0,0,0,0,0,0,0,0,0,45174.60412389291
Marketing,7,432,556,9017,0,0,0,0,0,0,0,0,0,1,0,0,41423.444006204576
Construction,10,459,3508,3741,0,0,0,0,2,0,0,0,0,0,0,0,82780.26277393001
Research,12,594,1985,5343,0,0,0,0,0,0,0,0,0,0,1,0,66354.06014619219
IT,9,316,4455,7009,0,2,2,0,0,0,0,0,0,0,0,0,108403.93706107645
Marketing,12,521,2084,5084,0,0,0,0,0,0,0,0,2,2,0,0,206050.2358303782
Marketing,2,518,1040,9109,0,0,0,0,0,0,0,0,2,0,0,0,32700.233144624213
Event,2,569,4799,686,0,0,0,0,0,0,2,0,0,0,0,0,16077.065476081127
Research,12,306,28,9098,0,0,0,0,0,0,0,0,0,0,1,0,46329.6201461717
Construction,7,325,3553,9645,0,0,0,1,2,0,0,0,0,0,0,0,67469.24869463505
Event,13,338,3342,9078,0,0,0,0,0,0,2,0,0,0,0,0,85042.61928695216
Marketing,6,326,3778,2896,0,0,0,0,0,0,0,0,2,2,0,0,72155.0844544057
Research,5,383,1682,5626,0,0,0,0,0,0,0,0,0,0,2,0,42658.83252581915
Event,1,580,791,5390,0,0,0,0,0,2,2,0,0,0,0,0,29041.48192071535
IT,1,392,3380,8711,2,0,0,0,0,0,0,0,0,0,0,0,21576.61379933772
Marketing,5,323,3899,4473,0,0,0,0,0,0,0,0,2,0,0,0,40857.76265066216
IT,14,505,3344,1875,0,1,2,0,0,0,0,0,0,0,0,0,177122.2759283348
Research,5,371,394,3788,0,0,0,0,0,0,0,0,0,0,1,0,14045.223180379915
Construction,14,394,165,9759,0,0,0,0,1,0,0,0,0,0,0,0,55912.656955465805
Event,6,478,1576,6731,0,0,0,0,0,1,0,0,0,0,0,0,33645.36081965918
Marketing,4,460,713,9127,0,0,0,0,0,0,0,0,2,1,0,0,49618.40666012909
Research,14,376,917,3174,0,0,0,0,0,0,0,0,0,0,1,2,130615.30116583969
Construction,2,442,3041,105,0,0,0,1,0,0,0,0,0,0,0,0,11270.839888142928
IT,7,522,1439,552,2,0,2,0,0,0,0,0,0,0,0,0,123320.48124626625
Event,15,306,458,207,0,0,0,0,0,2,0,2,0,0,0,0,144646.49544263186
Marketing,10,313,2134,1560,0,0,0,0,0,0,0,0,0,2,0,0,53653.475609237496
Event,7,537,3427,4780,0,0,0,0,0,0,1,1,0,0,0,0,70880.95554979767
Event,3,501,754,6236,0,0,0,0,0,1,1,0,0,0,0,0,21050.943282702465
Marketing,1,512,158,956,0,0,0,0,0,0,0,0,1,2,0,0,17770.915204800578
Marketing,8,349,1712,4703,0,0,0,0,0,0,0,0,2,0,0,0,54927.619175673586
Research,2,527,2625,9633,0,0,0,0,0,0,0,0,0,0,1,2,31167.897670384584
Construction,8,320,2958,7904,0,0,0,2,0,0,0,0,0,0,0,0,44078.10088743894
Marketing,14,386,3369,9131,0,0,0,0,0,0,0,0,2,1,0,0,138677.51253983696
IT,14,410,13,4599,0,0,2,0,0,0,0,0,0,0,0,0,95741.80736612807
IT,11,327,2113,9444,0,2,0,0,0,0,0,0,0,0,0,0,61016.71083159862
Event,10,494,629,269,0,0,0,0,0,2,0,2,0,0,0,0,166708.02073800063
IT,1,432,2360,575,0,1,1,0,0,0,0,0,0,0,0,0,8238.824743913086
IT,8,343,2203,1390,1,0,0,0,0,0,0,0,0,0,0,0,35928.7399178042
Research,4,429,968,9508,0,0,0,0,0,0,0,0,0,0,1,1,37277.42013615125
Research,11,460,1008,1229,0,0,0,0,0,0,0,0,0,0,2,1,118502.22567733933
Construction,8,550,125,7473,0,0,0,0,1,0,0,0,0,0,0,0,47788.05054929826
Construction,7,593,3923,6294,0,0,0,1,2,0,0,0,0,0,0,0,95359.72310903156
Construction,10,307,2033,9556,0,0,0,0,2,0,0,0,0,0,0,0,58416.81529906541
Construction,1,418,2474,6089,0,0,0,2,1,0,0,0,0,0,0,0,15625.817455007731
Construction,8,531,3952,986,0,0,0,2,2,0,0,0,0,0,0,0,135490.69745911166
Research,5,389,3291,4033,0,0,0,0,0,0,0,0,0,0,2,1,57346.03980471183
IT,1,468,4783,6924,0,1,0,0,0,0,0,0,0,0,0,0,18273.01493946633
Research,6,431,1637,4114,0,0,0,0,0,0,0,0,0,0,2,1,69592.75314837176
IT,7,428,1367,8189,1,1,0,0,0,0,0,0,0,0,0,0,64182.5760822384
Research,3,392,1440,8927,0,0,0,0,0,0,0,0,0,0,0,2,37114.86940079508
Construction,11,409,2889,9153,0,0,0,1,1,0,0,0,0,0,0,0,84321.71061136211
Marketing,5,520,1177,4760,0,0,0,0,0,0,0,0,2,2,0,0,94767.5851300769
Research,15,599,2830,8234,0,0,0,0,0,0,0,0,0,0,2,2,297320.5715599952
Event,3,570,4419,140,0,0,0,0,0,2,1,0,0,0,0,0,47559.42264850435
Marketing,5,351,2541,3610,0,0,0,0,0,0,0,0,0,2,0,0,24670.4841945757
Marketing,14,445,4097,6787,0,0,0,0,0,0,0,0,1,2,0,0,162388.19332924404
Marketing,10,338,3654,7102,0,0,0,0,0,0,0,0,1,2,0,0,98863.07351530186
IT,12,472,2938,6284,1,0,0,0,0,0,0,0,0,0,0,0,54158.27916594991
Marketing,9,325,4616,9,0,0,0,0,0,0,0,0,1,1,0,0,52307.55638081372
IT,10,592,4145,6807,1,0,0,0,0,0,0,0,0,0,0,0,59639.01914174268
Construction,3,463,3040,9654,0,0,0,1,1,0,0,0,0,0,0,0,38086.88440466049
Research,1,449,3503,2852,0,0,0,0,0,0,0,0,0,0,0,2,15607.99548725749
Event,10,377,1100,6652,0,0,0,0,0,0,0,2,0,0,0,0,71406.9020171908
Construction,3,341,4008,6602,0,0,0,2,0,0,0,0,0,0,0,0,19230.34365210744
Event,4,517,1125,9382,0,0,0,0,0,2,0,0,0,0,0,0,49248.5165430725
IT,8,369,2472,707,0,0,2,0,0,0,0,0,0,0,0,0,58989.50917197194
Marketing,5,326,4255,7397,0,0,0,0,0,0,0,0,1,2,0,0,49539.45653722929
Construction,7,471,2817,9424,0,0,0,1,0,0,0,0,0,0,0,0,30926.821461172796
Marketing,8,449,3883,3374,0,0,0,0,0,0,0,0,0,2,0,0,56948.96633613158
Marketing,1,435,2562,1679,0,0,0,0,0,0,0,0,2,1,0,0,5571.476336738229
Event,8,417,1540,6099,0,0,0,0,0,0,2,1,0,0,0,0,86520.09824635429
IT,5,571,2507,9715,0,1,2,0,0,0,0,0,0,0,0,0,78760.03082476098
Construction,13,365,2408,340,0,0,0,1,1,0,0,0,0,0,0,0,85218.36547218927
Construction,4,561,1442,8597,0,0,0,0,2,0,0,0,0,0,0,0,46138.819521809295
Marketing,5,543,4585,4107,0,0,0,0,0,0,0,0,0,2,0,0,63091.53677372208
Construction,14,433,3138,7693,0,0,0,0,1,0,0,0,0,0,0,0,62730.28969765772
Event,2,429,2978,7373,0,0,0,0,0,2,0,1,0,0,0,0,27332.09346036514
IT,4,394,1133,4917,0,1,1,0,0,0,0,0,0,0,0,0,44412.06315650136
IT,6,324,2529,2964,0,2,1,0,0,0,0,0,0,0,0,0,54687.7883515575
Marketing,13,330,845,5777,0,0,0,0,0,0,0,0,1,0,0,0,41211.942092228965
Research,11,553,3201,5179,0,0,0,0,0,0,0,0,0,0,0,1,53600.66622518528
Event,2,552,1950,5175,0,0,0,0,0,0,1,0,0,0,0,0,15643.715218987778
IT,3,448,1179,9074,0,0,2,0,0,0,0,0,0,0,0,0,24085.506868077708
Marketing,4,423,4517,3302,0,0,0,0,0,0,0,0,2,1,0,0,52989.17624629583
Research,3,306,2139,1549,0,0,0,0,0,0,0,0,0,0,0,1,8149.4479963664035
Research,10,364,3084,6356,0,0,0,0,0,0,0,0,0,0,1,1,54724.788539275454
Research,2,472,671,163,0,0,0,0,0,0,0,0,0,0,0,1,0.0
Marketing,7,416,2557,5827,0,0,0,0,0,0,0,0,2,2,0,0,111870.79308308027
Construction,8,526,3804,9651,0,0,0,2,0,0,0,0,0,0,0,0,82207.449462861
IT,1,419,392,8616,2,0,0,0,0,0,0,0,0,0,0,0,16747.469311164758
Research,1,309,241,3897,0,0,0,0,0,0,0,0,0,0,2,1,11462.254895479467
Event,6,499,78,8080,0,0,0,0,0,1,1,0,0,0,0,0,62620.919501037875
Research,12,386,2148,9223,0,0,0,0,0,0,0,0,0,0,1,0,52392.28190328715
Event,8,451,3088,1668,0,0,0,0,0,0,1,2,0,0,0,0,97486.7612990965
Marketing,11,510,2546,8754,0,0,0,0,0,0,0,0,1,0,0,0,62455.99242226626
Construction,6,410,3291,7504,0,0,0,2,0,0,0,0,0,0,0,0,51097.08004148714
IT,9,348,1827,6979,0,1,2,0,0,0,0,0,0,0,0,0,88784.99677297559
Construction,5,463,651,5978,0,0,0,2,1,0,0,0,0,0,0,0,61924.7002285435
Research,15,587,3359,8714,0,0,0,0,0,0,0,0,0,0,2,1,219247.81270823395
Event,14,423,3697,2461,0,0,0,0,0,0,1,2,0,0,0,0,149294.50279958273
IT,8,421,1567,5341,0,2,0,0,0,0,0,0,0,0,0,0,59960.39143106794
Research,14,448,301,7527,0,0,0,0,0,0,0,0,0,0,2,1,159768.8997524415
Event,6,449,4330,9560,0,0,0,0,0,0,2,2,0,0,0,0,102096.43975876321
Event,2,394,1486,4082,0,0,0,0,0,0,0,1,0,0,0,0,8615.215531040854
Research,13,483,514,8894,0,0,0,0,0,0,0,0,0,0,1,1,110685.34999498766
IT,5,410,361,7353,0,1,1,0,0,0,0,0,0,0,0,0,36232.46715278425
IT,4,403,1855,8033,0,0,1,0,0,0,0,0,0,0,0,0,26383.186454356954
Event,2,411,2547,2979,0,0,0,0,0,2,0,2,0,0,0,0,39062.51967973289
Marketing,1,313,3489,7604,0,0,0,0,0,0,0,0,1,0,0,0,16768.205715296113
Event,5,485,2179,9596,0,0,0,0,0,2,0,1,0,0,0,0,72351.42794659946
Construction,5,529,4917,2023,0,0,0,0,2,0,0,0,0,0,0,0,41631.71842714953
IT,13,319,2320,2563,0,0,2,0,0,0,0,0,0,0,0,0,77547.9205171359
Research,10,354,2947,3959,0,0,0,0,0,0,0,0,0,0,2,2,117062.05226532974
Marketing,3,510,4501,663,0,0,0,0,0,0,0,0,2,0,0,0,33783.25047981209
Construction,6,416,2974,867,0,0,0,1,2,0,0,0,0,0,0,0,61586.02105679897
IT,2,415,1136,2810,1,1,0,0,0,0,0,0,0,0,0,0,12795.787728341633
Marketing,6,460,2448,1283,0,0,0,0,0,0,0,0,1,1,0,0,52141.469946584046
Construction,5,360,137,2097,0,0,0,0,1,0,0,0,0,0,0,0,21012.579312004902
IT,14,553,2757,3920,0,1,0,0,0,0,0,0,0,0,0,0,65695.93822065936
Research,4,348,703,6404,0,0,0,0,0,0,0,0,0,0,2,2,45146.49121742937
Construction,3,428,2839,3384,0,0,0,1,2,0,0,0,0,0,0,0,34717.398277512664
IT,15,383,4643,6868,2,0,2,0,0,0,0,0,0,0,0,0,193620.57791413795
Event,7,519,269,631,0,0,0,0,0,1,0,2,0,0,0,0,85461.6098389402
Marketing,2,549,874,5560,0,0,0,0,0,0,0,0,2,0,0,0,23931.902308712055
IT,11,306,3141,9614,2,1,0,0,0,0,0,0,0,0,0,0,92246.99639896415
Construction,12,441,4260,2361,0,0,0,1,0,0,0,0,0,0,0,0,53590.60498885762
Event,7,517,2352,1938,0,0,0,0,0,0,2,0,0,0,0,0,58078.4096932596
IT,1,451,572,7521,1,0,1,0,0,0,0,0,0,0,0,0,14488.102941897474
IT,1,397,1517,3648,0,2,2,0,0,0,0,0,0,0,0,0,20051.799020788338
Construction,3,424,3750,8535,0,0,0,2,0,0,0,0,0,0,0,0,37156.67420543097
Marketing,11,437,610,1727,0,0,0,0,0,0,0,0,0,1,0,0,37563.17910437733
Marketing,10,367,4979,5774,0,0,0,0,0,0,0,0,1,1,0,0,65477.03996674873
Marketing,12,569,3048,6823,0,0,0,0,0,0,0,0,2,1,0,0,178158.5488857358
IT,10,526,4869,6744,0,0,1,0,0,0,0,0,0,0,0,0,53303.81401493599
Research,3,566,2551,6411,0,0,0,0,0,0,0,0,0,0,2,2,65110.854075132425
Research,8,354,4654,8078,0,0,0,0,0,0,0,0,0,0,2,2,110198.10977236337
Construction,12,567,2822,4943,0,0,0,0,1,0,0,0,0,0,0,0,74915.33947650764
Research,12,475,3690,8804,0,0,0,0,0,0,0,0,0,0,2,2,195808.03454602667
Event,9,311,3958,7183,0,0,0,0,0,0,1,0,0,0,0,0,35370.61151254685
Construction,4,401,1529,9786,0,0,0,1,0,0,0,0,0,0,0,0,21065.89723296696
Research,9,430,2400,3864,0,0,0,0,0,0,0,0,0,0,2,2,131570.96977820952
Marketing,13,564,1395,645,0,0,0,0,0,0,0,0,2,0,0,0,118977.17524580476
IT,11,512,1154,587,2,0,1,0,0,0,0,0,0,0,0,0,133917.1609488489
Construction,9,374,2326,9087,0,0,0,2,1,0,0,0,0,0,0,0,100402.2331486448
Event,14,570,930,8915,0,0,0,0,0,1,0,0,0,0,0,0,71361.91351350803
IT,4,423,3830,9046,2,2,0,0,0,0,0,0,0,0,0,0,68025.7982793642
IT,15,593,4628,6370,0,2,0,0,0,0,0,0,0,0,0,0,155031.06199106944
IT,7,551,4940,7374,1,2,0,0,0,0,0,0,0,0,0,0,105982.3481648336
Event,7,390,1377,6701,0,0,0,0,0,1,0,2,0,0,0,0,72406.60769650209
Event,4,580,423,6999,0,0,0,0,0,1,0,2,0,0,0,0,58033.31004292068
IT,3,409,2946,9641,0,0,2,0,0,0,0,0,0,0,0,0,32413.32781024282
IT,11,423,4728,1531,2,0,0,0,0,0,0,0,0,0,0,0,81478.57915816794
Research,13,463,2512,285,0,0,0,0,0,0,0,0,0,0,1,0,41522.99973989441
Event,5,526,3048,40,0,0,0,0,0,2,2,0,0,0,0,0,85766.66278245559
Construction,9,424,4008,3198,0,0,0,0,2,0,0,0,0,0,0,0,71933.52337780749
Marketing,3,566,4589,9777,0,0,0,0,0,0,0,0,0,1,0,0,24703.343440398028
Research,4,471,2044,7368,0,0,0,0,0,0,0,0,0,0,0,2,36966.43674973105
Marketing,14,346,526,6748,0,0,0,0,0,0,0,0,1,1,0,0,85983.24238554083
Marketing,9,456,4274,1846,0,0,0,0,0,0,0,0,2,0,0,0,75420.59923510357
Event,6,493,2007,1185,0,0,0,0,0,0,1,0,0,0,0,0,23484.89796844068
IT,2,360,4875,8921,2,0,0,0,0,0,0,0,0,0,0,0,18284.41268164083
Event,13,476,4796,5093,0,0,0,0,0,0,0,2,0,0,0,0,108481.47213685652
Event,4,389,340,3828,0,0,0,0,0,1,0,0,0,0,0,0,13712.111057480142
IT,8,576,2866,182,0,2,0,0,0,0,0,0,0,0,0,0,81044.56522841414
Event,14,446,1356,3629,0,0,0,0,0,0,0,2,0,0,0,0,107784.89009645858
Research,5,408,3339,6588,0,0,0,0,0,0,0,0,0,0,2,1,60628.361132013626
Marketing,10,307,4954,8365,0,0,0,0,0,0,0,0,1,0,0,0,35994.024204164816
Marketing,14,460,2686,8611,0,0,0,0,0,0,0,0,1,1,0,0,117215.89891333226
Marketing,8,383,3808,331,0,0,0,0,0,0,0,0,1,1,0,0,54006.27335983364
IT,10,565,909,4658,0,1,2,0,0,0,0,0,0,0,0,0,143376.70324784704
Event,4,454,4724,1628,0,0,0,0,0,2,2,0,0,0,0,0,67257.84892280314
Marketing,3,534,1856,7980,0,0,0,0,0,0,0,0,1,0,0,0,27239.726033320603
Research,14,348,1150,4318,0,0,0,0,0,0,0,0,0,0,0,2,88267.28600263369
Event,2,398,3500,8566,0,0,0,0,0,0,0,2,0,0,0,0,26937.971809358423
Marketing,12,587,1474,2242,0,0,0,0,0,0,0,0,1,1,0,0,107323.46035667638
Construction,11,417,1635,4000,0,0,0,2,2,0,0,0,0,0,0,0,148953.0658638179
Marketing,5,306,3267,6564,0,0,0,0,0,0,0,0,1,1,0,0,40862.543730598045
Event,15,425,4912,1829,0,0,0,0,0,0,2,2,0,0,0,0,217719.4190539498
Marketing,8,503,4928,1054,0,0,0,0,0,0,0,0,2,1,0,0,100188.80326464542
Event,3,374,4652,7939,0,0,0,0,0,2,1,0,0,0,0,0,39446.7386456086
Event,10,350,1841,2309,0,0,0,0,0,0,1,0,0,0,0,0,34954.59723970619
Research,5,469,123,8036,0,0,0,0,0,0,0,0,0,0,0,2,44201.598409854196
Marketing,2,500,2416,8988,0,0,0,0,0,0,0,0,0,1,0,0,19312.482579892552
Research,2,341,1377,1439,0,0,0,0,0,0,0,0,0,0,0,2,15714.223046207264
IT,5,320,299,138,0,2,0,0,0,0,0,0,0,0,0,0,27658.999858939555
Marketing,3,572,3170,3835,0,0,0,0,0,0,0,0,2,1,0,0,46399.44454809419
Construction,3,464,998,2567,0,0,0,1,1,0,0,0,0,0,0,0,18214.39356690413
Event,5,566,1845,1708,0,0,0,0,0,0,0,2,0,0,0,0,50037.62498644734
Event,7,304,976,1207,0,0,0,0,0,0,2,2,0,0,0,0,65732.17615179694
Marketing,6,482,1610,8125,0,0,0,0,0,0,0,0,1,1,0,0,56151.37861574505
Event,9,541,3536,6068,0,0,0,0,0,2,1,0,0,0,0,0,134047.60054531935
Research,3,347,2558,1863,0,0,0,0,0,0,0,0,0,0,1,1,29553.64766434845
IT,1,446,2490,6980,1,0,0,0,0,0,0,0,0,0,0,0,22823.318202708208
Event,3,353,2953,5929,0,0,0,0,0,2,0,2,0,0,0,0,41562.92794789897
Construction,9,451,695,9501,0,0,0,1,0,0,0,0,0,0,0,0,48714.3305548437
Research,13,531,4743,8068,0,0,0,0,0,0,0,0,0,0,1,1,116061.17973311908
IT,4,334,2241,3175,0,0,2,0,0,0,0,0,0,0,0,0,31601.27178102469
Event,3,371,909,187,0,0,0,0,0,0,0,2,0,0,0,0,13266.884719267458
Research,13,382,357,5647,0,0,0,0,0,0,0,0,0,0,1,1,83092.7095318382
Marketing,2,312,2158,2555,0,0,0,0,0,0,0,0,2,1,0,0,22830.534627355835
Event,6,520,1588,2368,0,0,0,0,0,0,0,1,0,0,0,0,36322.19274294402
IT,7,322,1589,9779,2,0,2,0,0,0,0,0,0,0,0,0,81103.11277689267
Marketing,5,321,2307,1228,0,0,0,0,0,0,0,0,0,2,0,0,29087.12843904003
Construction,2,547,4449,7016,0,0,0,1,1,0,0,0,0,0,0,0,20123.62047555441
IT,10,453,1809,3167,2,0,1,0,0,0,0,0,0,0,0,0,117821.49132333817
Research,12,438,4728,2624,0,0,0,0,0,0,0,0,0,0,0,1,45064.3489214455
Event,2,399,818,9298,0,0,0,0,0,2,0,0,0,0,0,0,22556.261966094975
IT,12,516,4118,3796,0,1,0,0,0,0,0,0,0,0,0,0,67358.45903200014
IT,8,310,3523,4888,0,2,1,0,0,0,0,0,0,0,0,0,67913.4600399573
Marketing,9,445,226,5355,0,0,0,0,0,0,0,0,1,0,0,0,32770.98016245478
IT,13,509,2788,8588,2,1,0,0,0,0,0,0,0,0,0,0,168331.04738463773
IT,4,408,1878,9388,0,0,2,0,0,0,0,0,0,0,0,0,47897.03046063705
Marketing,2,302,939,3220,0,0,0,0,0,0,0,0,2,2,0,0,19446.03207474789
Event,3,312,2096,4213,0,0,0,0,0,1,0,2,0,0,0,0,29544.585633181403
Research,10,345,3596,3748,0,0,0,0,0,0,0,0,0,0,2,2,118626.43655181312
Event,9,410,2661,2064,0,0,0,0,0,2,0,1,0,0,0,0,93696.64943358544
Event,9,527,1401,3259,0,0,0,0,0,1,0,2,0,0,0,0,122068.90657720622
Marketing,10,582,3764,5818,0,0,0,0,0,0,0,0,1,0,0,0,59732.928628539674
Construction,5,433,3462,4063,0,0,0,1,1,0,0,0,0,0,0,0,37931.941454333355
IT,14,311,719,6516,0,2,1,0,0,0,0,0,0,0,0,0,115387.23253335203
Event,9,459,4426,6919,0,0,0,0,0,0,2,0,0,0,0,0,66073.51870442348
Marketing,8,494,3996,8680,0,0,0,0,0,0,0,0,2,0,0,0,71226.55683796614
Marketing,13,378,1241,8707,0,0,0,0,0,0,0,0,1,1,0,0,91257.45416530572
Marketing,6,532,1552,5690,0,0,0,0,0,0,0,0,1,2,0,0,84108.13188355604
IT,10,324,460,3764,1,2,0,0,0,0,0,0,0,0,0,0,77929.71244394832
Marketing,6,515,1723,9784,0,0,0,0,0,0,0,0,0,1,0,0,29939.11070542692
Construction,10,540,2052,7763,0,0,0,2,1,0,0,0,0,0,0,0,131376.6948644097
Research,10,576,2500,7557,0,0,0,0,0,0,0,0,0,0,2,2,195300.70289447863
Construction,14,501,2349,1932,0,0,0,1,0,0,0,0,0,0,0,0,59389.25418223568
Marketing,13,534,619,7888,0,0,0,0,0,0,0,0,2,1,0,0,168954.28835092584
Event,15,455,3563,9797,0,0,0,0,0,2,0,0,0,0,0,0,125293.47661882937
IT,12,438,356,7186,2,0,0,0,0,0,0,0,0,0,0,0,91074.88085368607
Construction,10,559,619,882,0,0,0,0,1,0,0,0,0,0,0,0,48350.43603096518
Research,10,307,2525,3423,0,0,0,0,0,0,0,0,0,0,1,2,79723.73888707875
Event,7,380,4282,3667,0,0,0,0,0,1,0,2,0,0,0,0,77477.53101357388
Marketing,5,455,4009,3326,0,0,0,0,0,0,0,0,0,2,0,0,45482.97499680149
Construction,12,354,2503,9135,0,0,0,1,0,0,0,0,0,0,0,0,42835.5984981865
Marketing,13,472,4105,2787,0,0,0,0,0,0,0,0,2,0,0,0,97783.81065303339
Event,2,428,3743,8792,0,0,0,0,0,0,1,0,0,0,0,0,26481.015022568186
Event,3,412,3430,3674,0,0,0,0,0,1,0,2,0,0,0,0,33765.882171306475
Marketing,13,480,3162,1105,0,0,0,0,0,0,0,0,1,2,0,0,154098.36533918217
Event,9,404,1913,9408,0,0,0,0,0,2,0,0,0,0,0,0,64727.302903016775
Research,9,520,4804,7423,0,0,0,0,0,0,0,0,0,0,1,0,40544.795566617686
Event,3,408,699,7470,0,0,0,0,0,2,0,0,0,0,0,0,23944.770469309824
Research,5,431,2838,9065,0,0,0,0,0,0,0,0,0,0,2,2,77581.45304384867
Event,7,345,2971,4570,0,0,0,0,0,1,0,1,0,0,0,0,42217.52858906961
IT,3,579,3354,3607,1,0,2,0,0,0,0,0,0,0,0,0,49196.35302023644
Marketing,7,368,4958,8445,0,0,0,0,0,0,0,0,1,0,0,0,39273.64470674832
IT,13,548,699,5445,0,0,2,0,0,0,0,0,0,0,0,0,116470.43298051835
Research,4,302,383,5810,0,0,0,0,0,0,0,0,0,0,2,2,39733.022443408525
Marketing,6,538,3240,6028,0,0,0,0,0,0,0,0,2,0,0,0,56646.301458061535
IT,14,346,3811,5141,0,0,2,0,0,0,0,0,0,0,0,0,81838.37304115634
IT,11,586,3273,4538,1,1,0,0,0,0,0,0,0,0,0,0,114199.25046268069
Marketing,15,452,2964,2800,0,0,0,0,0,0,0,0,0,1,0,0,52488.59849120091
Event,4,380,2536,7361,0,0,0,0,0,1,1,0,0,0,0,0,32844.7998644549
Construction,7,425,3664,3489,0,0,0,0,1,0,0,0,0,0,0,0,32054.90791394017
IT,13,369,4357,1363,0,1,1,0,0,0,0,0,0,0,0,0,86158.86567630412
Research,7,491,4160,7106,0,0,0,0,0,0,0,0,0,0,2,2,126955.66365765626
Marketing,2,342,1907,3490,0,0,0,0,0,0,0,0,2,1,0,0,21511.555043041943
Marketing,8,467,2386,2240,0,0,0,0,0,0,0,0,0,2,0,0,66675.9758482119
Research,14,446,2763,3663,0,0,0,0,0,0,0,0,0,0,0,2,109230.26624224072
Marketing,7,301,3093,882,0,0,0,0,0,0,0,0,0,2,0,0,42742.38228775539
Event,2,571,3062,4690,0,0,0,0,0,2,0,0,0,0,0,0,24062.426156330483
Marketing,14,352,2378,139,0,0,0,0,0,0,0,0,1,0,0,0,39828.43632788979
Research,9,368,887,3104,0,0,0,0,0,0,0,0,0,0,2,1,77896.3778002567
Construction,14,346,451,6432,0,0,0,2,0,0,0,0,0,0,0,0,90566.05810003469
Event,6,547,2761,4456,0,0,0,0,0,1,0,0,0,0,0,0,35413.85128833995
IT,5,381,3545,3802,0,1,0,0,0,0,0,0,0,0,0,0,22780.63510184806
Construction,2,590,207,5633,0,0,0,2,2,0,0,0,0,0,0,0,44037.89109476795
Event,13,529,2600,2195,0,0,0,0,0,1,1,0,0,0,0,0,116806.67837813386
Construction,14,589,1742,1306,0,0,0,2,1,0,0,0,0,0,0,0,193077.10265283487
Marketing,11,557,4508,7619,0,0,0,0,0,0,0,0,0,2,0,0,114789.31188905983
IT,10,378,4757,2994,0,2,2,0,0,0,0,0,0,0,0,0,121488.41331498863
Research,12,367,816,7304,0,0,0,0,0,0,0,0,0,0,2,1,120967.73299423963
Marketing,9,536,2093,7071,0,0,0,0,0,0,0,0,2,2,0,0,159210.0446454291
Event,5,426,4462,3676,0,0,0,0,0,0,2,0,0,0,0,0,41513.3604286119
Event,8,572,4138,2424,0,0,0,0,0,2,0,0,0,0,0,0,82713.68842106423
Research,7,410,2784,6136,0,0,0,0,0,0,0,0,0,0,2,1,72157.63185126227
Construction,8,502,60,5041,0,0,0,2,0,0,0,0,0,0,0,0,77335.04911505475
Construction,2,337,2686,4370,0,0,0,1,1,0,0,0,0,0,0,0,26010.97633288588
Event,10,390,3821,690,0,0,0,0,0,1,0,1,0,0,0,0,72275.89023883006
IT,12,583,2912,9909,0,0,2,0,0,0,0,0,0,0,0,0,136576.36247309681
Event,5,557,444,3641,0,0,0,0,0,2,0,0,0,0,0,0,40568.16774361637
Marketing,11,336,1358,7697,0,0,0,0,0,0,0,0,2,2,0,0,117149.34578591064
Event,10,484,4351,8326,0,0,0,0,0,2,0,0,0,0,0,0,87651.38588800114
Construction,9,401,924,644,0,0,0,2,0,0,0,0,0,0,0,0,66530.16001734407
Research,2,408,802,5059,0,0,0,0,0,0,0,0,0,0,0,2,18396.379228877388
Construction,7,452,276,60,0,0,0,2,0,0,0,0,0,0,0,0,54858.77748144411
IT,13,331,566,9763,2,0,2,0,0,0,0,0,0,0,0,0,146876.00184712402
Event,13,334,661,2472,0,0,0,0,0,0,1,1,0,0,0,0,68347.96782869843
Marketing,7,513,2504,1700,0,0,0,0,0,0,0,0,0,2,0,0,56474.91215306117
Research,1,546,3687,596,0,0,0,0,0,0,0,0,0,0,2,2,25474.07849250229
Construction,14,449,4853,4384,0,0,0,1,2,0,0,0,0,0,0,0,162964.0405395705
Construction,10,414,2979,9928,0,0,0,1,2,0,0,0,0,0,0,0,114010.45225878623
Event,6,451,2410,5628,0,0,0,0,0,0,2,0,0,0,0,0,53239.74023327161
Construction,1,440,1920,4188,0,0,0,2,1,0,0,0,0,0,0,0,20623.348511380547
IT,5,594,2687,4951,0,1,1,0,0,0,0,0,0,0,0,0,58903.44922126535
Construction,1,402,820,192,0,0,0,1,0,0,0,0,0,0,0,0,9771.941912376824
Event,9,550,1788,7374,0,0,0,0,0,0,2,0,0,0,0,0,91538.90679411135
Marketing,9,419,1847,3904,0,0,0,0,0,0,0,0,0,2,0,0,67874.10858108809
IT,3,417,3816,717,0,2,0,0,0,0,0,0,0,0,0,0,22473.992088324405
Event,5,329,2104,9447,0,0,0,0,0,2,2,0,0,0,0,0,51542.4189469727
Marketing,15,484,2339,3406,0,0,0,0,0,0,0,0,1,1,0,0,120935.25299778674
Research,6,319,4316,634,0,0,0,0,0,0,0,0,0,0,1,1,32257.478391127413
Event,6,505,4135,5626,0,0,0,0,0,1,1,0,0,0,0,0,57325.03040889037
Construction,14,555,670,7291,0,0,0,1,2,0,0,0,0,0,0,0,197696.80730326156
IT,4,435,249,6457,0,0,1,0,0,0,0,0,0,0,0,0,26257.482796620734
Event,5,510,43,3612,0,0,0,0,0,1,0,0,0,0,0,0,27921.27160658525
Marketing,6,514,990,1812,0,0,0,0,0,0,0,0,2,2,0,0,110813.12528411539
Construction,12,469,3516,3340,0,0,0,2,0,0,0,0,0,0,0,0,102453.64797940168
Event,9,339,954,1629,0,0,0,0,0,1,0,1,0,0,0,0,61785.899977956215
Construction,12,578,4753,7485,0,0,0,2,2,0,0,0,0,0,0,0,241296.41491476248
IT,15,494,2725,6204,0,0,2,0,0,0,0,0,0,0,0,0,130475.14109126692
Research,11,577,3046,9166,0,0,0,0,0,0,0,0,0,0,2,0,109022.259978879
Marketing,10,503,160,8960,0,0,0,0,0,0,0,0,0,2,0,0,91348.25023649847
Construction,6,516,2103,365,0,0,0,2,0,0,0,0,0,0,0,0,44179.98614318972
Research,7,403,4172,6033,0,0,0,0,0,0,0,0,0,0,1,1,51804.53309682019
Event,4,439,298,956,0,0,0,0,0,1,0,0,0,0,0,0,15928.826578825845
Construction,3,462,4446,6396,0,0,0,0,1,0,0,0,0,0,0,0,21733.463561861845
Event,6,590,165,919,0,0,0,0,0,0,2,2,0,0,0,0,113691.51607799134
Event,10,302,4804,67,0,0,0,0,0,0,1,0,0,0,0,0,37874.858916297104
Event,9,575,2258,6039,0,0,0,0,0,1,0,0,0,0,0,0,47236.282424019984
Marketing,5,490,1338,4996,0,0,0,0,0,0,0,0,0,2,0,0,51238.27747810828
Construction,4,465,1037,4383,0,0,0,0,2,0,0,0,0,0,0,0,35087.53705803476
Event,7,481,1098,9131,0,0,0,0,0,0,1,0,0,0,0,0,42222.31517704178
Construction,6,363,1678,615,0,0,0,2,2,0,0,0,0,0,0,0,78696.3795776544
IT,13,441,3505,4529,0,1,1,0,0,0,0,0,0,0,0,0,89795.90588294693
Marketing,14,465,2690,7323,0,0,0,0,0,0,0,0,2,1,0,0,156001.25839218777
Research,2,592,944,2789,0,0,0,0,0,0,0,0,0,0,2,2,39524.42227334139
Event,6,447,4391,7129,0,0,0,0,0,0,2,2,0,0,0,0,98589.05838182262
Event,7,344,954,1262,0,0,0,0,0,2,1,0,0,0,0,0,56991.96051941189
IT,15,522,1230,9076,2,0,1,0,0,0,0,0,0,0,0,0,195043.371384122
Research,7,567,3856,3135,0,0,0,0,0,0,0,0,0,0,1,1,77667.33434673026
Marketing,10,589,762,4145,0,0,0,0,0,0,0,0,2,2,0,0,194672.6532620931
Marketing,15,383,3970,7972,0,0,0,0,0,0,0,0,2,2,0,0,187270.93366959994
Event,14,491,903,861,0,0,0,0,0,1,0,2,0,0,0,0,164425.92156830244
Marketing,13,312,4131,2148,0,0,0,0,0,0,0,0,2,1,0,0,107878.34607010307
Research,6,565,1447,3199,0,0,0,0,0,0,0,0,0,0,1,2,93508.85684481334
Marketing,14,444,3136,3318,0,0,0,0,0,0,0,0,0,2,0,0,99980.69726434899
Research,9,475,529,5067,0,0,0,0,0,0,0,0,0,0,2,1,96586.21791329095
Research,1,331,2440,4135,0,0,0,0,0,0,0,0,0,0,1,1,20384.48244173968
Marketing,12,337,1234,6587,0,0,0,0,0,0,0,0,0,1,0,0,39799.27915924917
